Voltage_True (V),Current True (A),Power True (W),Voltage Read (V),Current Read (A),Power Read (W)
0.0,0.0,0.0,0.0,0.0,0.0
0.0,0.0,0.0,0.0,0.0,0.0
0.0,0.0,0.0,0.0,0.0,0.0
0.0,0.0,0.0,0.0,0.0,0.0
0.0,0.0,0.0,0.0,0.0,0.0
0.0,0.0,0.0,0.0,0.0,0.0
0.0,0.0,0.0,0.0,0.0,0.0
0.0,0.0,0.0,0.0,0.0,0.0
0.0,0.0,0.0,0.0,0.0,0.0
0.0,0.0,0.0,0.0,0.0,0.0
0.0,0.0,0.0,0.0,0.0,0.0
0.0,0.0,0.0,0.0,0.0,0.0
0.0,0.0,0.0,0.0,0.0,0.0
0.0,0.0,0.0,0.0,0.0,0.0
0.0,0.0,0.0,0.0,0.0,0.0
0.0,0.0,0.0,0.0,0.0,0.0
0.0,0.0,0.0,0.0,0.0,0.0
0.0,0.0,0.0,0.0,0.0,0.0
0.0,0.0,0.0,0.0,0.0,0.0
0.0,0.0,0.0,0.0,0.0,0.0
0.0,0.0,0.0,0.0,0.0,0.0
0.0,0.0,0.0,0.0,0.0,0.0
0.0,0.0,0.0,0.0,0.0,0.0
0.0,0.0,0.0,0.0,0.0,0.0
0.0,0.0,0.0,0.0,0.0,0.0
0.0,0.0,0.0,0.0,0.0,0.0
0.0,0.0,0.0,0.0,0.0,0.0
0.0,0.0,0.0,0.0,0.0,0.0
0.0,0.0,0.0,0.0,0.0,0.0
0.0,0.0,0.0,0.0,0.0,0.0
0.0,0.0,0.0,0.0,0.0,0.0
0.0,0.0,0.0,0.0,0.0,0.0
0.0,0.0,0.0,0.0,0.0,0.0
0.0,0.0,0.0,0.0,0.0,0.0
0.0,0.0,0.0,0.0,0.0,0.0
0.0,0.0,0.0,0.0,0.0,0.0
0.0,0.0,0.0,0.0,0.0,0.0
0.0,0.0,0.0,0.0,0.0,0.0
0.0,0.0,0.0,0.0,0.0,0.0
0.0,0.0,0.0,0.0,0.0,0.0
0.0,0.0,0.0,0.0,0.0,0.0
0.0,0.0,0.0,0.0,0.0,0.0
0.0,0.0,0.0,0.0,0.0,0.0
0.0,0.0,0.0,0.0,0.0,0.0
0.0,0.0,0.0,0.0,0.0,0.0
0.0,0.0,0.0,0.0,0.0,0.0
0.0,0.0,0.0,0.0,0.0,0.0
0.0,0.0,0.0,0.0,0.0,0.0
0.0,0.0,0.0,0.0,0.0,0.0
0.0,0.0,0.0,0.0,0.0,0.0
0.0,0.0,0.0,0.0,0.0,0.0
0.0,0.0,0.0,0.0,0.0,0.0
0.0,0.0,0.0,0.0,0.0,0.0
0.0,0.0,0.0,0.0,0.0,0.0
0.0,0.0,0.0,0.0,0.0,0.0
0.0,0.0,0.0,0.0,0.0,0.0
0.0,0.0,0.0,0.0,0.0,0.0
0.0,0.0,0.0,0.0,0.0,0.0
0.0,0.0,0.0,0.0,0.0,0.0
0.0,0.0,0.0,0.0,0.0,0.0
0.0,0.0,0.0,0.0,0.0,0.0
0.0,0.0,0.0,0.0,0.0,0.0
0.0,0.0,0.0,0.0,0.0,0.0
0.0,0.0,0.0,0.0,0.0,0.0
0.0,0.0,0.0,0.0,0.0,0.0
0.0,0.0,0.0,0.0,0.0,0.0
0.0,0.0,0.0,0.0,0.0,0.0
0.0,0.0,0.0,0.0,0.0,0.0
0.0,0.0,0.0,0.0,0.0,0.0
0.0,0.0,0.0,0.0,0.0,0.0
0.0,0.0,0.0,0.0,0.0,0.0
0.0,0.0,0.0,0.0,0.0,0.0
0.0,0.0,0.0,0.0,0.0,0.0
0.0,0.0,0.0,0.0,0.0,0.0
0.0,0.0,0.0,0.0,0.0,0.0
0.0,0.0,0.0,0.0,0.0,0.0
0.0,0.0,0.0,0.0,0.0,0.0
0.0,0.0,0.0,0.0,0.0,0.0
0.0,0.0,0.0,0.0,0.0,0.0
0.0,0.0,0.0,0.0,0.0,0.0
0.0,0.0,0.0,0.0,0.0,0.0
0.0,0.0,0.0,0.0,0.0,0.0
0.0,0.0,0.0,0.0,0.0,0.0
0.0,0.0,0.0,0.0,0.0,0.0
0.0,0.0,0.0,0.0,0.0,0.0
0.0,0.0,0.0,0.0,0.0,0.0
0.0,0.0,0.0,0.0,0.0,0.0
0.0,0.0,0.0,0.0,0.0,0.0
0.0,0.0,0.0,0.0,0.0,0.0
0.0,0.0,0.0,0.0,0.0,0.0
0.0,0.0,0.0,0.0,0.0,0.0
0.0,0.0,0.0,0.0,0.0,0.0
0.0,0.0,0.0,0.0,0.0,0.0
0.0,0.0,0.0,0.0,0.0,0.0
0.0,0.0,0.0,0.0,0.0,0.0
0.0,0.0,0.0,0.0,0.0,0.0
0.0,0.0,0.0,0.0,0.0,0.0
0.0,0.0,0.0,0.0,0.0,0.0
0.0,0.0,0.0,0.0,0.0,0.0
0.0,0.0,0.0,0.0,0.0,0.0
1.000,0.032,0.032,0.97,0.03,0.03
1.000,0.032,0.032,0.97,0.03,0.03
1.000,0.032,0.032,0.97,0.03,0.03
1.000,0.032,0.032,0.97,0.03,0.03
1.000,0.032,0.032,0.97,0.03,0.03
1.000,0.032,0.032,0.97,0.03,0.03
1.000,0.032,0.032,0.97,0.03,0.03
1.000,0.032,0.032,0.97,0.03,0.03
1.000,0.032,0.032,0.97,0.03,0.03
1.000,0.032,0.032,0.97,0.03,0.03
1.000,0.032,0.032,0.97,0.03,0.03
1.000,0.032,0.032,0.97,0.03,0.03
1.000,0.032,0.032,0.97,0.03,0.03
1.000,0.032,0.032,0.97,0.03,0.03
1.000,0.032,0.032,0.97,0.03,0.03
1.000,0.032,0.032,0.97,0.03,0.03
1.000,0.032,0.032,0.97,0.03,0.03
1.000,0.032,0.032,0.97,0.03,0.03
1.000,0.032,0.032,0.97,0.03,0.03
1.000,0.032,0.032,0.97,0.03,0.03
1.000,0.032,0.032,0.97,0.03,0.03
1.000,0.032,0.032,0.97,0.03,0.03
1.000,0.032,0.032,0.97,0.03,0.03
1.000,0.032,0.032,0.97,0.03,0.03
1.000,0.032,0.032,0.97,0.03,0.03
1.000,0.032,0.032,0.97,0.03,0.03
1.000,0.032,0.032,0.97,0.03,0.03
1.000,0.032,0.032,0.97,0.03,0.03
1.000,0.032,0.032,0.97,0.03,0.03
1.000,0.032,0.032,0.97,0.03,0.03
1.000,0.032,0.032,0.97,0.03,0.03
1.000,0.032,0.032,0.97,0.03,0.03
1.000,0.032,0.032,0.97,0.03,0.03
1.000,0.032,0.032,0.97,0.03,0.03
1.000,0.032,0.032,0.97,0.03,0.03
1.000,0.032,0.032,0.97,0.03,0.03
1.000,0.032,0.032,0.97,0.03,0.03
1.000,0.032,0.032,0.97,0.03,0.03
1.000,0.032,0.032,0.97,0.03,0.03
1.000,0.032,0.032,0.97,0.03,0.03
1.000,0.032,0.032,0.97,0.03,0.03
1.000,0.032,0.032,0.97,0.03,0.03
1.000,0.032,0.032,0.97,0.03,0.03
1.000,0.032,0.032,0.97,0.03,0.03
1.000,0.032,0.032,0.97,0.03,0.03
1.000,0.032,0.032,0.97,0.03,0.03
1.000,0.032,0.032,0.97,0.03,0.03
1.000,0.032,0.032,0.97,0.03,0.03
1.000,0.032,0.032,0.97,0.03,0.03
1.000,0.032,0.032,0.97,0.03,0.03
1.000,0.032,0.032,0.97,0.03,0.03
1.000,0.032,0.032,0.97,0.03,0.03
1.000,0.032,0.032,0.97,0.03,0.03
1.000,0.032,0.032,0.97,0.03,0.03
1.000,0.032,0.032,0.97,0.03,0.03
1.000,0.032,0.032,0.97,0.03,0.03
1.000,0.032,0.032,0.97,0.03,0.03
1.000,0.032,0.032,0.97,0.03,0.03
1.000,0.032,0.032,0.97,0.03,0.03
1.000,0.032,0.032,0.97,0.03,0.03
1.000,0.032,0.032,0.97,0.03,0.03
1.000,0.032,0.032,0.97,0.03,0.03
1.000,0.032,0.032,0.97,0.03,0.03
1.000,0.032,0.032,0.97,0.03,0.03
1.000,0.032,0.032,0.97,0.03,0.03
1.000,0.032,0.032,0.97,0.03,0.03
1.000,0.032,0.032,0.97,0.03,0.03
1.000,0.032,0.032,0.97,0.03,0.03
1.000,0.032,0.032,0.97,0.03,0.03
1.000,0.032,0.032,0.97,0.03,0.03
1.000,0.032,0.032,0.97,0.03,0.03
1.000,0.032,0.032,0.97,0.03,0.03
1.000,0.032,0.032,0.97,0.03,0.03
1.000,0.032,0.032,0.97,0.03,0.03
1.000,0.032,0.032,0.97,0.03,0.03
1.000,0.032,0.032,0.97,0.03,0.03
1.000,0.032,0.032,0.97,0.03,0.03
1.000,0.032,0.032,0.97,0.03,0.03
1.000,0.032,0.032,0.97,0.03,0.03
1.000,0.032,0.032,0.97,0.03,0.03
1.000,0.032,0.032,0.97,0.03,0.03
1.000,0.032,0.032,0.97,0.03,0.03
1.000,0.032,0.032,0.97,0.03,0.03
1.000,0.032,0.032,0.97,0.03,0.03
1.000,0.032,0.032,0.97,0.03,0.03
1.000,0.032,0.032,0.97,0.03,0.03
1.000,0.032,0.032,0.97,0.03,0.03
1.000,0.032,0.032,0.97,0.03,0.03
1.000,0.032,0.032,0.97,0.03,0.03
1.000,0.032,0.032,0.97,0.03,0.03
1.000,0.032,0.032,0.97,0.03,0.03
1.000,0.032,0.032,0.97,0.03,0.03
1.000,0.032,0.032,0.97,0.03,0.03
1.000,0.032,0.032,0.97,0.03,0.03
1.000,0.032,0.032,0.97,0.03,0.03
1.000,0.032,0.032,0.97,0.03,0.03
1.000,0.032,0.032,0.97,0.03,0.03
1.000,0.032,0.032,0.97,0.03,0.03
1.000,0.032,0.032,0.97,0.03,0.03
1.999,0.064,0.129,1.99,0.06,0.12
1.999,0.064,0.129,1.99,0.06,0.12
1.999,0.064,0.129,1.99,0.06,0.12
1.999,0.064,0.129,1.99,0.06,0.12
1.999,0.064,0.129,1.99,0.06,0.12
1.999,0.064,0.129,1.99,0.06,0.12
1.999,0.064,0.129,1.99,0.06,0.12
1.999,0.064,0.129,1.99,0.06,0.12
1.999,0.064,0.129,1.99,0.06,0.12
1.999,0.064,0.129,1.99,0.06,0.12
1.999,0.064,0.129,1.99,0.06,0.12
1.999,0.064,0.129,1.99,0.06,0.12
1.999,0.064,0.129,1.99,0.06,0.12
1.999,0.064,0.129,1.99,0.06,0.12
1.999,0.064,0.129,1.99,0.06,0.12
1.999,0.064,0.129,1.99,0.06,0.12
1.999,0.064,0.129,1.99,0.06,0.12
1.999,0.064,0.129,1.99,0.06,0.12
1.999,0.064,0.129,1.99,0.06,0.12
1.999,0.064,0.129,1.99,0.06,0.12
1.999,0.064,0.129,1.99,0.06,0.12
1.999,0.064,0.129,1.99,0.06,0.12
1.999,0.064,0.129,1.99,0.06,0.12
1.999,0.064,0.129,1.99,0.06,0.12
1.999,0.064,0.129,1.99,0.06,0.12
1.999,0.064,0.129,1.99,0.06,0.12
1.999,0.064,0.129,1.99,0.06,0.12
1.999,0.064,0.129,1.99,0.06,0.12
1.999,0.064,0.129,1.99,0.06,0.12
1.999,0.064,0.129,1.99,0.06,0.12
1.999,0.064,0.129,1.99,0.06,0.12
1.999,0.064,0.129,1.99,0.06,0.12
1.999,0.064,0.129,1.99,0.06,0.12
1.999,0.064,0.129,1.99,0.06,0.12
1.999,0.064,0.129,1.99,0.06,0.12
1.999,0.064,0.129,1.99,0.06,0.12
1.999,0.064,0.129,1.99,0.06,0.12
1.999,0.064,0.129,1.99,0.06,0.12
1.999,0.064,0.129,1.99,0.06,0.12
1.999,0.064,0.129,1.99,0.06,0.12
1.999,0.064,0.129,1.99,0.06,0.12
1.999,0.064,0.129,1.99,0.06,0.12
1.999,0.064,0.129,1.99,0.06,0.12
1.999,0.064,0.129,1.99,0.06,0.12
1.999,0.064,0.129,1.99,0.06,0.12
1.999,0.064,0.129,1.99,0.06,0.12
1.999,0.064,0.129,1.99,0.06,0.12
1.999,0.064,0.129,1.99,0.06,0.12
1.999,0.064,0.129,1.99,0.06,0.12
1.999,0.064,0.129,1.99,0.06,0.12
1.999,0.064,0.129,1.99,0.06,0.12
1.999,0.064,0.129,1.99,0.06,0.12
1.999,0.064,0.129,1.99,0.06,0.12
1.999,0.064,0.129,1.99,0.06,0.12
1.999,0.064,0.129,1.99,0.06,0.12
1.999,0.064,0.129,1.99,0.06,0.12
1.999,0.064,0.129,1.99,0.06,0.12
1.999,0.064,0.129,1.99,0.06,0.12
1.999,0.064,0.129,1.99,0.06,0.12
1.999,0.064,0.129,1.99,0.06,0.12
1.999,0.064,0.129,1.99,0.06,0.12
1.999,0.064,0.129,1.99,0.06,0.12
1.999,0.064,0.129,1.99,0.06,0.12
1.999,0.064,0.129,1.99,0.06,0.12
1.999,0.064,0.129,1.99,0.06,0.12
1.999,0.064,0.129,1.99,0.06,0.12
1.999,0.064,0.129,1.99,0.06,0.12
1.999,0.064,0.129,1.99,0.06,0.12
1.999,0.064,0.129,1.99,0.06,0.12
1.999,0.064,0.129,1.99,0.06,0.12
1.999,0.064,0.129,1.99,0.06,0.12
1.999,0.064,0.129,1.99,0.06,0.12
1.999,0.064,0.129,1.99,0.06,0.12
1.999,0.064,0.129,1.99,0.06,0.12
1.999,0.064,0.129,1.99,0.06,0.12
1.999,0.064,0.129,1.99,0.06,0.12
1.999,0.064,0.129,1.99,0.06,0.12
1.999,0.064,0.129,1.99,0.06,0.12
1.999,0.064,0.129,1.99,0.06,0.12
1.999,0.064,0.129,1.99,0.06,0.12
1.999,0.064,0.129,1.99,0.06,0.12
1.999,0.064,0.129,1.99,0.06,0.12
1.999,0.064,0.129,1.99,0.06,0.12
1.999,0.064,0.129,1.99,0.06,0.12
1.999,0.064,0.129,1.99,0.06,0.12
1.999,0.064,0.129,1.99,0.06,0.12
1.999,0.064,0.129,1.99,0.06,0.12
1.999,0.064,0.129,1.99,0.06,0.12
1.999,0.064,0.129,1.99,0.06,0.12
1.999,0.064,0.129,1.99,0.06,0.12
1.999,0.064,0.129,1.99,0.06,0.12
1.999,0.064,0.129,1.99,0.06,0.12
1.999,0.064,0.129,1.99,0.06,0.12
1.999,0.064,0.129,1.99,0.06,0.12
1.999,0.064,0.129,1.99,0.06,0.12
1.999,0.064,0.129,1.99,0.06,0.12
1.999,0.064,0.129,1.99,0.06,0.12
1.999,0.064,0.129,1.99,0.06,0.12
1.999,0.064,0.129,1.99,0.06,0.12
3.000,0.097,0.291,2.98,0.09,0.28
3.000,0.097,0.291,2.98,0.09,0.28
3.000,0.097,0.291,2.98,0.09,0.28
3.000,0.097,0.291,2.98,0.09,0.28
3.000,0.097,0.291,2.98,0.09,0.28
3.000,0.097,0.291,2.98,0.09,0.28
3.000,0.097,0.291,2.98,0.09,0.28
3.000,0.097,0.291,2.98,0.09,0.28
3.000,0.097,0.291,2.98,0.09,0.28
3.000,0.097,0.291,2.98,0.09,0.28
3.000,0.097,0.291,2.98,0.09,0.28
3.000,0.097,0.291,2.98,0.09,0.28
3.000,0.097,0.291,2.98,0.09,0.28
3.000,0.097,0.291,2.98,0.09,0.28
3.000,0.097,0.291,2.98,0.09,0.28
3.000,0.097,0.291,2.98,0.09,0.28
3.000,0.097,0.291,2.98,0.09,0.28
3.000,0.097,0.291,2.98,0.09,0.28
3.000,0.097,0.291,2.98,0.09,0.28
3.000,0.097,0.291,2.98,0.09,0.28
3.000,0.097,0.291,2.98,0.09,0.28
3.000,0.097,0.291,2.98,0.09,0.28
3.000,0.097,0.291,2.98,0.09,0.28
3.000,0.097,0.291,2.98,0.09,0.28
3.000,0.097,0.291,2.98,0.09,0.28
3.000,0.097,0.291,2.98,0.09,0.28
3.000,0.097,0.291,2.98,0.09,0.28
3.000,0.097,0.291,2.98,0.09,0.28
3.000,0.097,0.291,2.98,0.09,0.28
3.000,0.097,0.291,2.98,0.09,0.28
3.000,0.097,0.291,2.98,0.09,0.28
3.000,0.097,0.291,2.98,0.09,0.28
3.000,0.097,0.291,2.98,0.09,0.28
3.000,0.097,0.291,2.98,0.09,0.28
3.000,0.097,0.291,2.98,0.09,0.28
3.000,0.097,0.291,2.98,0.09,0.28
3.000,0.097,0.291,2.98,0.09,0.28
3.000,0.097,0.291,2.98,0.09,0.28
3.000,0.097,0.291,2.98,0.09,0.28
3.000,0.097,0.291,2.98,0.09,0.28
3.000,0.097,0.291,2.98,0.09,0.28
3.000,0.097,0.291,2.98,0.09,0.28
3.000,0.097,0.291,2.98,0.09,0.28
3.000,0.097,0.291,2.98,0.09,0.28
3.000,0.097,0.291,2.98,0.09,0.28
3.000,0.097,0.291,2.98,0.09,0.28
3.000,0.097,0.291,2.98,0.09,0.28
3.000,0.097,0.291,2.98,0.09,0.28
3.000,0.097,0.291,2.98,0.09,0.28
3.000,0.097,0.291,2.98,0.09,0.28
3.000,0.097,0.291,2.98,0.09,0.28
3.000,0.097,0.291,2.98,0.09,0.28
3.000,0.097,0.291,2.98,0.09,0.28
3.000,0.097,0.291,2.98,0.09,0.28
3.000,0.097,0.291,2.98,0.09,0.28
3.000,0.097,0.291,2.98,0.09,0.28
3.000,0.097,0.291,2.98,0.09,0.28
3.000,0.097,0.291,2.98,0.09,0.28
3.000,0.097,0.291,2.98,0.09,0.28
3.000,0.097,0.291,2.98,0.09,0.28
3.000,0.097,0.291,2.98,0.09,0.28
3.000,0.097,0.291,2.98,0.09,0.28
3.000,0.097,0.291,2.98,0.09,0.28
3.000,0.097,0.291,2.98,0.09,0.28
3.000,0.097,0.291,2.98,0.09,0.28
3.000,0.097,0.291,2.98,0.09,0.28
3.000,0.097,0.291,2.98,0.09,0.28
3.000,0.097,0.291,2.98,0.09,0.28
3.000,0.097,0.291,2.98,0.09,0.28
3.000,0.097,0.291,2.98,0.09,0.28
3.000,0.097,0.291,2.98,0.09,0.28
3.000,0.097,0.291,2.98,0.09,0.28
3.000,0.097,0.291,2.98,0.09,0.28
3.000,0.097,0.291,2.98,0.09,0.28
3.000,0.097,0.291,2.98,0.09,0.28
3.000,0.097,0.291,2.98,0.09,0.28
3.000,0.097,0.291,2.98,0.09,0.28
3.000,0.097,0.291,2.98,0.09,0.28
3.000,0.097,0.291,2.98,0.09,0.28
3.000,0.097,0.291,2.98,0.09,0.28
3.000,0.097,0.291,2.98,0.09,0.28
3.000,0.097,0.291,2.98,0.09,0.28
3.000,0.097,0.291,2.98,0.09,0.28
3.000,0.097,0.291,2.98,0.09,0.28
3.000,0.097,0.291,2.98,0.09,0.28
3.000,0.097,0.291,2.98,0.09,0.28
3.000,0.097,0.291,2.98,0.09,0.28
3.000,0.097,0.291,2.98,0.09,0.28
3.000,0.097,0.291,2.98,0.09,0.28
3.000,0.097,0.291,2.98,0.09,0.28
3.000,0.097,0.291,2.98,0.09,0.28
3.000,0.097,0.291,2.98,0.09,0.28
3.000,0.097,0.291,2.98,0.09,0.28
3.000,0.097,0.291,2.98,0.09,0.28
3.000,0.097,0.291,2.98,0.09,0.28
3.000,0.097,0.291,2.98,0.09,0.28
3.000,0.097,0.291,2.98,0.09,0.28
3.000,0.097,0.291,2.98,0.09,0.28
3.000,0.097,0.291,2.98,0.09,0.28
3.999,0.129,0.518,4.0,0.13,0.51
3.999,0.129,0.518,4.0,0.13,0.51
3.999,0.129,0.518,4.0,0.13,0.51
3.999,0.129,0.518,4.0,0.13,0.51
3.999,0.129,0.518,4.0,0.13,0.51
3.999,0.129,0.518,4.0,0.13,0.51
3.999,0.129,0.518,4.0,0.13,0.51
3.999,0.129,0.518,4.0,0.13,0.51
3.999,0.129,0.518,4.0,0.13,0.51
3.999,0.129,0.518,4.0,0.13,0.51
3.999,0.129,0.518,4.0,0.13,0.51
3.999,0.129,0.518,4.0,0.13,0.51
3.999,0.129,0.518,4.0,0.13,0.51
3.999,0.129,0.518,4.0,0.13,0.51
3.999,0.129,0.518,4.0,0.13,0.51
3.999,0.129,0.518,4.0,0.13,0.51
3.999,0.129,0.518,4.0,0.13,0.51
3.999,0.129,0.518,4.0,0.13,0.51
3.999,0.129,0.518,4.0,0.13,0.51
3.999,0.129,0.518,4.0,0.13,0.51
3.999,0.129,0.518,4.0,0.13,0.51
3.999,0.129,0.518,4.0,0.13,0.51
3.999,0.129,0.518,4.0,0.13,0.51
3.999,0.129,0.518,4.0,0.13,0.51
3.999,0.129,0.518,4.0,0.13,0.51
3.999,0.129,0.518,4.0,0.13,0.51
3.999,0.129,0.518,4.0,0.13,0.51
3.999,0.129,0.518,4.0,0.13,0.51
3.999,0.129,0.518,4.0,0.13,0.51
3.999,0.129,0.518,4.0,0.13,0.51
3.999,0.129,0.518,4.0,0.13,0.51
3.999,0.129,0.518,4.0,0.13,0.51
3.999,0.129,0.518,4.0,0.13,0.51
3.999,0.129,0.518,4.0,0.13,0.51
3.999,0.129,0.518,4.0,0.13,0.51
3.999,0.129,0.518,4.0,0.13,0.51
3.999,0.129,0.518,4.0,0.13,0.51
3.999,0.129,0.518,4.0,0.13,0.51
3.999,0.129,0.518,4.0,0.13,0.51
3.999,0.129,0.518,4.0,0.13,0.51
3.999,0.129,0.518,4.0,0.13,0.51
3.999,0.129,0.518,4.0,0.13,0.51
3.999,0.129,0.518,4.0,0.13,0.51
3.999,0.129,0.518,4.0,0.13,0.51
3.999,0.129,0.518,4.0,0.13,0.51
3.999,0.129,0.518,4.0,0.13,0.51
3.999,0.129,0.518,4.0,0.13,0.51
3.999,0.129,0.518,4.0,0.13,0.51
3.999,0.129,0.518,4.0,0.13,0.51
3.999,0.129,0.518,4.0,0.13,0.51
3.999,0.129,0.518,4.0,0.13,0.51
3.999,0.129,0.518,4.0,0.13,0.51
3.999,0.129,0.518,4.0,0.13,0.51
3.999,0.129,0.518,4.0,0.13,0.51
3.999,0.129,0.518,4.0,0.13,0.51
3.999,0.129,0.518,4.0,0.13,0.51
3.999,0.129,0.518,4.0,0.13,0.51
3.999,0.129,0.518,4.0,0.13,0.51
3.999,0.129,0.518,4.0,0.13,0.51
3.999,0.129,0.518,4.0,0.13,0.51
3.999,0.129,0.518,4.0,0.13,0.51
3.999,0.129,0.518,4.0,0.13,0.51
3.999,0.129,0.518,4.0,0.13,0.51
3.999,0.129,0.518,4.0,0.13,0.51
3.999,0.129,0.518,4.0,0.13,0.51
3.999,0.129,0.518,4.0,0.13,0.51
3.999,0.129,0.518,4.0,0.13,0.51
3.999,0.129,0.518,4.0,0.13,0.51
3.999,0.129,0.518,4.0,0.13,0.51
3.999,0.129,0.518,4.0,0.13,0.51
3.999,0.129,0.518,4.0,0.13,0.51
3.999,0.129,0.518,4.0,0.13,0.51
3.999,0.129,0.518,4.0,0.13,0.51
3.999,0.129,0.518,4.0,0.13,0.51
3.999,0.129,0.518,4.0,0.13,0.51
3.999,0.129,0.518,4.0,0.13,0.51
3.999,0.129,0.518,4.0,0.13,0.51
3.999,0.129,0.518,4.0,0.13,0.51
3.999,0.129,0.518,4.0,0.13,0.51
3.999,0.129,0.518,4.0,0.13,0.51
3.999,0.129,0.518,4.0,0.13,0.51
3.999,0.129,0.518,4.0,0.13,0.51
3.999,0.129,0.518,4.0,0.13,0.51
3.999,0.129,0.518,4.0,0.13,0.51
3.999,0.129,0.518,4.0,0.13,0.51
3.999,0.129,0.518,4.0,0.13,0.51
3.999,0.129,0.518,4.0,0.13,0.51
3.999,0.129,0.518,4.0,0.13,0.51
3.999,0.129,0.518,4.0,0.13,0.51
3.999,0.129,0.518,4.0,0.13,0.51
3.999,0.129,0.518,4.0,0.13,0.51
3.999,0.129,0.518,4.0,0.13,0.51
3.999,0.129,0.518,4.0,0.13,0.51
3.999,0.129,0.518,4.0,0.13,0.51
3.999,0.129,0.518,4.0,0.13,0.51
3.999,0.129,0.518,4.0,0.13,0.51
3.999,0.129,0.518,4.0,0.13,0.51
3.999,0.129,0.518,4.0,0.13,0.51
3.999,0.129,0.518,4.0,0.13,0.51
4.998,0.161,0.809,4.99,0.16,0.8
4.998,0.161,0.809,4.99,0.16,0.8
4.998,0.161,0.809,4.99,0.16,0.8
4.998,0.161,0.809,4.99,0.16,0.8
4.998,0.161,0.809,4.99,0.16,0.8
4.998,0.161,0.809,4.99,0.16,0.8
4.998,0.161,0.809,4.99,0.16,0.8
4.998,0.161,0.809,4.99,0.16,0.8
4.998,0.161,0.809,4.99,0.16,0.8
4.998,0.161,0.809,4.99,0.16,0.8
4.998,0.161,0.809,4.99,0.16,0.8
4.998,0.161,0.809,4.99,0.16,0.8
4.998,0.161,0.809,4.99,0.16,0.8
4.998,0.161,0.809,4.99,0.16,0.8
4.998,0.161,0.809,4.99,0.16,0.8
4.998,0.161,0.809,4.99,0.16,0.8
4.998,0.161,0.809,4.99,0.16,0.8
4.998,0.161,0.809,4.99,0.16,0.8
4.998,0.161,0.809,4.99,0.16,0.8
4.998,0.161,0.809,4.99,0.16,0.8
4.998,0.161,0.809,4.99,0.16,0.8
4.998,0.161,0.809,4.99,0.16,0.8
4.998,0.161,0.809,4.99,0.16,0.8
4.998,0.161,0.809,4.99,0.16,0.8
4.998,0.161,0.809,4.99,0.16,0.8
4.998,0.161,0.809,4.99,0.16,0.8
4.998,0.161,0.809,4.99,0.16,0.8
4.998,0.161,0.809,4.99,0.16,0.8
4.998,0.161,0.809,4.99,0.16,0.8
4.998,0.161,0.809,4.99,0.16,0.8
4.998,0.161,0.809,4.99,0.16,0.8
4.998,0.161,0.809,4.99,0.16,0.8
4.998,0.161,0.809,4.99,0.16,0.8
4.998,0.161,0.809,4.99,0.16,0.8
4.998,0.161,0.809,4.99,0.16,0.8
4.998,0.161,0.809,4.99,0.16,0.8
4.998,0.161,0.809,4.99,0.16,0.8
4.998,0.161,0.809,4.99,0.16,0.8
4.998,0.161,0.809,4.99,0.16,0.8
4.998,0.161,0.809,4.99,0.16,0.8
4.998,0.161,0.809,4.99,0.16,0.8
4.998,0.161,0.809,4.99,0.16,0.8
4.998,0.161,0.809,4.99,0.16,0.8
4.998,0.161,0.809,4.99,0.16,0.8
4.998,0.161,0.809,4.99,0.16,0.8
4.998,0.161,0.809,4.99,0.16,0.8
4.998,0.161,0.809,4.99,0.16,0.8
4.998,0.161,0.809,4.99,0.16,0.8
4.998,0.161,0.809,4.99,0.16,0.8
4.998,0.161,0.809,4.99,0.16,0.8
4.998,0.161,0.809,4.99,0.16,0.8
4.998,0.161,0.809,4.99,0.16,0.8
4.998,0.161,0.809,4.99,0.16,0.8
4.998,0.161,0.809,4.99,0.16,0.8
4.998,0.161,0.809,4.99,0.16,0.8
4.998,0.161,0.809,4.99,0.16,0.8
4.998,0.161,0.809,4.99,0.16,0.8
4.998,0.161,0.809,4.99,0.16,0.8
4.998,0.161,0.809,4.99,0.16,0.8
4.998,0.161,0.809,4.99,0.16,0.8
4.998,0.161,0.809,4.99,0.16,0.8
4.998,0.161,0.809,4.99,0.16,0.8
4.998,0.161,0.809,4.99,0.16,0.8
4.998,0.161,0.809,4.99,0.16,0.8
4.998,0.161,0.809,4.99,0.16,0.8
4.998,0.161,0.809,4.99,0.16,0.8
4.998,0.161,0.809,4.99,0.16,0.8
4.998,0.161,0.809,4.99,0.16,0.8
4.998,0.161,0.809,4.99,0.16,0.8
4.998,0.161,0.809,4.99,0.16,0.8
4.998,0.161,0.809,4.99,0.16,0.8
4.998,0.161,0.809,4.99,0.16,0.8
4.998,0.161,0.809,4.99,0.16,0.8
4.998,0.161,0.809,4.99,0.16,0.8
4.998,0.161,0.809,4.99,0.16,0.8
4.998,0.161,0.809,4.99,0.16,0.8
4.998,0.161,0.809,4.99,0.16,0.8
4.998,0.161,0.809,4.99,0.16,0.8
4.998,0.161,0.809,4.99,0.16,0.8
4.998,0.161,0.809,4.99,0.16,0.8
4.998,0.161,0.809,4.99,0.16,0.8
4.998,0.161,0.809,4.99,0.16,0.8
4.998,0.161,0.809,4.99,0.16,0.8
4.998,0.161,0.809,4.99,0.16,0.8
4.998,0.161,0.809,4.99,0.16,0.8
4.998,0.161,0.809,4.99,0.16,0.8
4.998,0.161,0.809,4.99,0.16,0.8
4.998,0.161,0.809,4.99,0.16,0.8
4.998,0.161,0.809,4.99,0.16,0.8
4.998,0.161,0.809,4.99,0.16,0.8
4.998,0.161,0.809,4.99,0.16,0.8
4.998,0.161,0.809,4.99,0.16,0.8
4.998,0.161,0.809,4.99,0.16,0.8
4.998,0.161,0.809,4.99,0.16,0.8
4.998,0.161,0.809,4.99,0.16,0.8
4.998,0.161,0.809,4.99,0.16,0.8
4.998,0.161,0.809,4.99,0.16,0.8
4.998,0.161,0.809,4.99,0.16,0.8
4.998,0.161,0.809,4.99,0.16,0.8
6.000,0.194,1.166,6.0,0.19,1.16
6.000,0.194,1.166,6.0,0.19,1.16
6.000,0.194,1.166,6.0,0.19,1.16
6.000,0.194,1.166,6.0,0.19,1.16
6.000,0.194,1.166,6.0,0.19,1.16
6.000,0.194,1.166,6.0,0.19,1.16
6.000,0.194,1.166,6.0,0.19,1.16
6.000,0.194,1.166,6.0,0.19,1.16
6.000,0.194,1.166,6.0,0.19,1.16
6.000,0.194,1.166,6.0,0.19,1.16
6.000,0.194,1.166,6.0,0.19,1.16
6.000,0.194,1.166,6.0,0.19,1.16
6.000,0.194,1.166,6.0,0.19,1.16
6.000,0.194,1.166,6.0,0.19,1.16
6.000,0.194,1.166,6.0,0.19,1.16
6.000,0.194,1.166,6.0,0.19,1.16
6.000,0.194,1.166,6.0,0.19,1.16
6.000,0.194,1.166,6.0,0.19,1.16
6.000,0.194,1.166,6.0,0.19,1.16
6.000,0.194,1.166,6.0,0.19,1.16
6.000,0.194,1.166,6.0,0.19,1.16
6.000,0.194,1.166,6.0,0.19,1.16
6.000,0.194,1.166,6.0,0.19,1.16
6.000,0.194,1.166,6.0,0.19,1.16
6.000,0.194,1.166,6.0,0.19,1.16
6.000,0.194,1.166,6.0,0.19,1.16
6.000,0.194,1.166,6.0,0.19,1.16
6.000,0.194,1.166,6.0,0.19,1.16
6.000,0.194,1.166,6.0,0.19,1.16
6.000,0.194,1.166,6.0,0.19,1.16
6.000,0.194,1.166,6.0,0.19,1.16
6.000,0.194,1.166,6.0,0.19,1.16
6.000,0.194,1.166,6.0,0.19,1.16
6.000,0.194,1.166,6.0,0.19,1.16
6.000,0.194,1.166,6.0,0.19,1.16
6.000,0.194,1.166,6.0,0.19,1.16
6.000,0.194,1.166,6.0,0.19,1.16
6.000,0.194,1.166,6.0,0.19,1.16
6.000,0.194,1.166,6.0,0.19,1.16
6.000,0.194,1.166,6.0,0.19,1.16
6.000,0.194,1.166,6.0,0.19,1.16
6.000,0.194,1.166,6.0,0.19,1.16
6.000,0.194,1.166,6.0,0.19,1.16
6.000,0.194,1.166,6.0,0.19,1.16
6.000,0.194,1.166,6.0,0.19,1.16
6.000,0.194,1.166,6.0,0.19,1.16
6.000,0.194,1.166,6.0,0.19,1.16
6.000,0.194,1.166,6.0,0.19,1.16
6.000,0.194,1.166,6.0,0.19,1.16
6.000,0.194,1.166,6.0,0.19,1.16
6.000,0.194,1.166,6.0,0.19,1.16
6.000,0.194,1.166,6.0,0.19,1.16
6.000,0.194,1.166,6.0,0.19,1.16
6.000,0.194,1.166,6.0,0.19,1.16
6.000,0.194,1.166,6.0,0.19,1.16
6.000,0.194,1.166,6.0,0.19,1.16
6.000,0.194,1.166,6.0,0.19,1.16
6.000,0.194,1.166,6.0,0.19,1.16
6.000,0.194,1.166,6.0,0.19,1.16
6.000,0.194,1.166,6.0,0.19,1.16
6.000,0.194,1.166,6.0,0.19,1.16
6.000,0.194,1.166,6.0,0.19,1.16
6.000,0.194,1.166,6.0,0.19,1.16
6.000,0.194,1.166,6.0,0.19,1.16
6.000,0.194,1.166,6.0,0.19,1.16
6.000,0.194,1.166,6.0,0.19,1.16
6.000,0.194,1.166,6.0,0.19,1.16
6.000,0.194,1.166,6.0,0.19,1.16
6.000,0.194,1.166,6.0,0.19,1.16
6.000,0.194,1.166,6.0,0.19,1.16
6.000,0.194,1.166,6.0,0.19,1.16
6.000,0.194,1.166,6.0,0.19,1.16
6.000,0.194,1.166,6.0,0.19,1.16
6.000,0.194,1.166,6.0,0.19,1.16
6.000,0.194,1.166,6.0,0.19,1.16
6.000,0.194,1.166,6.0,0.19,1.16
6.000,0.194,1.166,6.0,0.19,1.16
6.000,0.194,1.166,6.0,0.19,1.16
6.000,0.194,1.166,6.0,0.19,1.16
6.000,0.194,1.166,6.0,0.19,1.16
6.000,0.194,1.166,6.0,0.19,1.16
6.000,0.194,1.166,6.0,0.19,1.16
6.000,0.194,1.166,6.0,0.19,1.16
6.000,0.194,1.166,6.0,0.19,1.16
6.000,0.194,1.166,6.0,0.19,1.16
6.000,0.194,1.166,6.0,0.19,1.16
6.000,0.194,1.166,6.0,0.19,1.16
6.000,0.194,1.166,6.0,0.19,1.16
6.000,0.194,1.166,6.0,0.19,1.16
6.000,0.194,1.166,6.0,0.19,1.16
6.000,0.194,1.166,6.0,0.19,1.16
6.000,0.194,1.166,6.0,0.19,1.16
6.000,0.194,1.166,6.0,0.19,1.16
6.000,0.194,1.166,6.0,0.19,1.16
6.000,0.194,1.166,6.0,0.19,1.16
6.000,0.194,1.166,6.0,0.19,1.16
6.000,0.194,1.166,6.0,0.19,1.16
6.000,0.194,1.166,6.0,0.19,1.16
6.000,0.194,1.166,6.0,0.19,1.16
6.000,0.194,1.166,6.0,0.19,1.16
6.999,0.226,1.587,7.02,0.23,1.58
6.999,0.226,1.587,7.02,0.23,1.58
6.999,0.226,1.587,7.02,0.23,1.58
6.999,0.226,1.587,7.02,0.23,1.58
6.999,0.226,1.587,7.02,0.23,1.58
6.999,0.226,1.587,7.02,0.23,1.58
6.999,0.226,1.587,7.02,0.23,1.58
6.999,0.226,1.587,7.02,0.23,1.58
6.999,0.226,1.587,7.02,0.23,1.58
6.999,0.226,1.587,7.02,0.23,1.58
6.999,0.226,1.587,7.02,0.23,1.58
6.999,0.226,1.587,7.02,0.23,1.58
6.999,0.226,1.587,7.02,0.23,1.58
6.999,0.226,1.587,7.02,0.23,1.58
6.999,0.226,1.587,7.02,0.23,1.58
6.999,0.226,1.587,7.02,0.23,1.58
6.999,0.226,1.587,7.02,0.23,1.58
6.999,0.226,1.587,7.02,0.23,1.58
6.999,0.226,1.587,7.02,0.23,1.58
6.999,0.226,1.587,7.02,0.23,1.58
6.999,0.226,1.587,7.02,0.23,1.58
6.999,0.226,1.587,7.02,0.23,1.58
6.999,0.226,1.587,7.02,0.23,1.58
6.999,0.226,1.587,7.02,0.23,1.58
6.999,0.226,1.587,7.02,0.23,1.58
6.999,0.226,1.587,7.02,0.23,1.58
6.999,0.226,1.587,7.02,0.23,1.58
6.999,0.226,1.587,7.02,0.23,1.58
6.999,0.226,1.587,7.02,0.23,1.58
6.999,0.226,1.587,7.02,0.23,1.58
6.999,0.226,1.587,7.02,0.23,1.58
6.999,0.226,1.587,7.02,0.23,1.58
6.999,0.226,1.587,7.02,0.23,1.58
6.999,0.226,1.587,7.02,0.23,1.58
6.999,0.226,1.587,7.02,0.23,1.58
6.999,0.226,1.587,7.02,0.23,1.58
6.999,0.226,1.587,7.02,0.23,1.58
6.999,0.226,1.587,7.02,0.23,1.58
6.999,0.226,1.587,7.02,0.23,1.58
6.999,0.226,1.587,7.02,0.23,1.58
6.999,0.226,1.587,7.02,0.23,1.58
6.999,0.226,1.587,7.02,0.23,1.58
6.999,0.226,1.587,7.02,0.23,1.58
6.999,0.226,1.587,7.02,0.23,1.58
6.999,0.226,1.587,7.02,0.23,1.58
6.999,0.226,1.587,7.02,0.23,1.58
6.999,0.226,1.587,7.02,0.23,1.58
6.999,0.226,1.587,7.02,0.23,1.58
6.999,0.226,1.587,7.02,0.23,1.58
6.999,0.226,1.587,7.02,0.23,1.58
6.999,0.226,1.587,7.02,0.23,1.58
6.999,0.226,1.587,7.02,0.23,1.58
6.999,0.226,1.587,7.02,0.23,1.58
6.999,0.226,1.587,7.02,0.23,1.58
6.999,0.226,1.587,7.02,0.23,1.58
6.999,0.226,1.587,7.02,0.23,1.58
6.999,0.226,1.587,7.02,0.23,1.58
6.999,0.226,1.587,7.02,0.23,1.58
6.999,0.226,1.587,7.02,0.23,1.58
6.999,0.226,1.587,7.02,0.23,1.58
6.999,0.226,1.587,7.02,0.23,1.58
6.999,0.226,1.587,7.02,0.23,1.58
6.999,0.226,1.587,7.02,0.23,1.58
6.999,0.226,1.587,7.02,0.23,1.58
6.999,0.226,1.587,7.02,0.23,1.58
6.999,0.226,1.587,7.02,0.23,1.58
6.999,0.226,1.587,7.02,0.23,1.58
6.999,0.226,1.587,7.02,0.23,1.58
6.999,0.226,1.587,7.02,0.23,1.58
6.999,0.226,1.587,7.02,0.23,1.58
6.999,0.226,1.587,7.02,0.23,1.58
6.999,0.226,1.587,7.02,0.23,1.58
6.999,0.226,1.587,7.02,0.23,1.58
6.999,0.226,1.587,7.02,0.23,1.58
6.999,0.226,1.587,7.02,0.23,1.58
6.999,0.226,1.587,7.02,0.23,1.58
6.999,0.226,1.587,7.02,0.23,1.58
6.999,0.226,1.587,7.02,0.23,1.58
6.999,0.226,1.587,7.02,0.23,1.58
6.999,0.226,1.587,7.02,0.23,1.58
6.999,0.226,1.587,7.02,0.23,1.58
6.999,0.226,1.587,7.02,0.23,1.58
6.999,0.226,1.587,7.02,0.23,1.58
6.999,0.226,1.587,7.02,0.23,1.58
6.999,0.226,1.587,7.02,0.23,1.58
6.999,0.226,1.587,7.02,0.23,1.58
6.999,0.226,1.587,7.02,0.23,1.58
6.999,0.226,1.587,7.02,0.23,1.58
6.999,0.226,1.587,7.02,0.23,1.58
6.999,0.226,1.587,7.02,0.23,1.58
6.999,0.226,1.587,7.02,0.23,1.58
6.999,0.226,1.587,7.02,0.23,1.58
6.999,0.226,1.587,7.02,0.23,1.58
6.999,0.226,1.587,7.02,0.23,1.58
6.999,0.226,1.587,7.02,0.23,1.58
6.999,0.226,1.587,7.02,0.23,1.58
6.999,0.226,1.587,7.02,0.23,1.58
6.999,0.226,1.587,7.02,0.23,1.58
6.999,0.226,1.587,7.02,0.23,1.58
8.000,0.259,2.074,8.01,0.26,2.07
8.000,0.259,2.074,8.01,0.26,2.07
8.000,0.259,2.074,8.01,0.26,2.07
8.000,0.259,2.074,8.02,0.26,2.07
8.000,0.259,2.074,8.02,0.26,2.07
8.000,0.259,2.074,8.01,0.26,2.07
8.000,0.259,2.074,8.01,0.26,2.07
8.000,0.259,2.074,8.01,0.26,2.07
8.000,0.259,2.074,8.01,0.26,2.07
8.000,0.259,2.074,8.01,0.26,2.07
8.000,0.259,2.074,8.02,0.26,2.07
8.000,0.259,2.074,8.01,0.26,2.07
8.000,0.259,2.074,8.01,0.26,2.07
8.000,0.259,2.074,8.01,0.26,2.07
8.000,0.259,2.074,8.02,0.26,2.07
8.000,0.259,2.074,8.02,0.26,2.07
8.000,0.259,2.074,8.02,0.26,2.07
8.000,0.259,2.074,8.01,0.26,2.07
8.000,0.259,2.074,8.01,0.26,2.07
8.000,0.259,2.074,8.01,0.26,2.07
8.000,0.259,2.074,8.01,0.26,2.07
8.000,0.259,2.074,8.02,0.26,2.07
8.000,0.259,2.074,8.01,0.26,2.07
8.000,0.259,2.074,8.01,0.26,2.07
8.000,0.259,2.074,8.01,0.26,2.07
8.000,0.259,2.074,8.01,0.26,2.07
8.000,0.259,2.074,8.01,0.26,2.07
8.000,0.259,2.074,8.01,0.26,2.07
8.000,0.259,2.074,8.01,0.26,2.07
8.000,0.259,2.074,8.01,0.26,2.07
8.000,0.259,2.074,8.01,0.26,2.07
8.000,0.259,2.074,8.01,0.26,2.07
8.000,0.259,2.074,8.01,0.26,2.07
8.000,0.259,2.074,8.02,0.26,2.07
8.000,0.259,2.074,8.01,0.26,2.07
8.000,0.259,2.074,8.01,0.26,2.07
8.000,0.259,2.074,8.01,0.26,2.07
8.000,0.259,2.074,8.01,0.26,2.07
8.000,0.259,2.074,8.01,0.26,2.07
8.000,0.259,2.074,8.01,0.26,2.07
8.000,0.259,2.074,8.01,0.26,2.07
8.000,0.259,2.074,8.01,0.26,2.07
8.000,0.259,2.074,8.01,0.26,2.07
8.000,0.259,2.074,8.01,0.26,2.07
8.000,0.259,2.074,8.01,0.26,2.07
8.000,0.259,2.074,8.01,0.26,2.07
8.000,0.259,2.074,8.01,0.26,2.07
8.000,0.259,2.074,8.01,0.26,2.07
8.000,0.259,2.074,8.01,0.26,2.07
8.000,0.259,2.074,8.01,0.26,2.07
8.000,0.259,2.074,8.01,0.26,2.07
8.000,0.259,2.074,8.01,0.26,2.07
8.000,0.259,2.074,8.01,0.26,2.07
8.000,0.259,2.074,8.01,0.26,2.07
8.000,0.259,2.074,8.01,0.26,2.07
8.000,0.259,2.074,8.01,0.26,2.07
8.000,0.259,2.074,8.01,0.26,2.07
8.000,0.259,2.074,8.01,0.26,2.07
8.000,0.259,2.074,8.01,0.26,2.07
8.000,0.259,2.074,8.01,0.26,2.07
8.000,0.259,2.074,8.01,0.26,2.07
8.000,0.259,2.074,8.01,0.26,2.07
8.000,0.259,2.074,8.01,0.26,2.07
8.000,0.259,2.074,8.01,0.26,2.07
8.000,0.259,2.074,8.01,0.26,2.07
8.000,0.259,2.074,8.01,0.26,2.07
8.000,0.259,2.074,8.01,0.26,2.07
8.000,0.259,2.074,8.01,0.26,2.07
8.000,0.259,2.074,8.01,0.26,2.07
8.000,0.259,2.074,8.01,0.26,2.07
8.000,0.259,2.074,8.01,0.26,2.07
8.000,0.259,2.074,8.01,0.26,2.07
8.000,0.259,2.074,8.01,0.26,2.07
8.000,0.259,2.074,8.01,0.26,2.07
8.000,0.259,2.074,8.01,0.26,2.07
8.000,0.259,2.074,8.01,0.26,2.07
8.000,0.259,2.074,8.01,0.26,2.07
8.000,0.259,2.074,8.01,0.26,2.07
8.000,0.259,2.074,8.01,0.26,2.07
8.000,0.259,2.074,8.01,0.26,2.07
8.000,0.259,2.074,8.01,0.26,2.07
8.000,0.259,2.074,8.01,0.26,2.07
8.000,0.259,2.074,8.01,0.26,2.07
8.000,0.259,2.074,8.01,0.26,2.07
8.000,0.259,2.074,8.01,0.26,2.07
8.000,0.259,2.074,8.01,0.26,2.07
8.000,0.259,2.074,8.01,0.26,2.07
8.000,0.259,2.074,8.01,0.26,2.07
8.000,0.259,2.074,8.01,0.26,2.07
8.000,0.259,2.074,8.01,0.26,2.07
8.000,0.259,2.074,8.01,0.26,2.07
8.000,0.259,2.074,8.01,0.26,2.07
8.000,0.259,2.074,8.01,0.26,2.07
8.000,0.259,2.074,8.01,0.26,2.07
8.000,0.259,2.074,8.01,0.26,2.07
8.000,0.259,2.074,8.01,0.26,2.07
8.000,0.259,2.074,8.01,0.26,2.07
8.000,0.259,2.074,8.01,0.26,2.07
8.000,0.259,2.074,8.01,0.26,2.07
8.999,0.291,2.625,9.03,0.29,2.63
8.999,0.291,2.625,9.03,0.29,2.63
8.999,0.291,2.625,9.03,0.29,2.63
8.999,0.291,2.625,9.03,0.29,2.63
8.999,0.291,2.625,9.03,0.29,2.63
8.999,0.291,2.625,9.03,0.29,2.63
8.999,0.291,2.625,9.03,0.29,2.63
8.999,0.291,2.625,9.03,0.29,2.63
8.999,0.291,2.625,9.03,0.29,2.63
8.999,0.291,2.625,9.03,0.29,2.63
8.999,0.291,2.625,9.03,0.29,2.63
8.999,0.291,2.625,9.03,0.29,2.63
8.999,0.291,2.625,9.03,0.29,2.63
8.999,0.291,2.625,9.03,0.29,2.63
8.999,0.291,2.625,9.03,0.29,2.63
8.999,0.291,2.625,9.03,0.29,2.63
8.999,0.291,2.625,9.03,0.29,2.63
8.999,0.291,2.625,9.03,0.29,2.63
8.999,0.291,2.625,9.03,0.29,2.63
8.999,0.291,2.625,9.03,0.29,2.63
8.999,0.291,2.625,9.03,0.29,2.63
8.999,0.291,2.625,9.03,0.29,2.63
8.999,0.291,2.625,9.03,0.29,2.63
8.999,0.291,2.625,9.03,0.29,2.63
8.999,0.291,2.625,9.03,0.29,2.63
8.999,0.291,2.625,9.03,0.29,2.63
8.999,0.291,2.625,9.03,0.29,2.63
8.999,0.291,2.625,9.03,0.29,2.63
8.999,0.291,2.625,9.03,0.29,2.63
8.999,0.291,2.625,9.03,0.29,2.63
8.999,0.291,2.625,9.03,0.29,2.63
8.999,0.291,2.625,9.03,0.29,2.63
8.999,0.291,2.625,9.03,0.29,2.63
8.999,0.291,2.625,9.03,0.29,2.63
8.999,0.291,2.625,9.03,0.29,2.63
8.999,0.291,2.625,9.03,0.29,2.63
8.999,0.291,2.625,9.03,0.29,2.63
8.999,0.291,2.625,9.03,0.29,2.63
8.999,0.291,2.625,9.03,0.29,2.63
8.999,0.291,2.625,9.03,0.29,2.63
8.999,0.291,2.625,9.03,0.29,2.63
8.999,0.291,2.625,9.03,0.29,2.63
8.999,0.291,2.625,9.03,0.29,2.63
8.999,0.291,2.625,9.03,0.29,2.63
8.999,0.291,2.625,9.03,0.29,2.63
8.999,0.291,2.625,9.03,0.29,2.63
8.999,0.291,2.625,9.03,0.29,2.63
8.999,0.291,2.625,9.03,0.29,2.63
8.999,0.291,2.625,9.03,0.29,2.63
8.999,0.291,2.625,9.03,0.29,2.63
8.999,0.291,2.625,9.03,0.29,2.63
8.999,0.291,2.625,9.03,0.29,2.63
8.999,0.291,2.625,9.03,0.29,2.63
8.999,0.291,2.625,9.03,0.29,2.63
8.999,0.291,2.625,9.03,0.29,2.63
8.999,0.291,2.625,9.03,0.29,2.63
8.999,0.291,2.625,9.03,0.29,2.63
8.999,0.291,2.625,9.03,0.29,2.63
8.999,0.291,2.625,9.03,0.29,2.63
8.999,0.291,2.625,9.03,0.29,2.63
8.999,0.291,2.625,9.03,0.29,2.63
8.999,0.291,2.625,9.03,0.29,2.63
8.999,0.291,2.625,9.03,0.29,2.63
8.999,0.291,2.625,9.03,0.29,2.63
8.999,0.291,2.625,9.03,0.29,2.63
8.999,0.291,2.625,9.03,0.29,2.63
8.999,0.291,2.625,9.03,0.29,2.63
8.999,0.291,2.625,9.03,0.29,2.63
8.999,0.291,2.625,9.03,0.29,2.63
8.999,0.291,2.625,9.03,0.29,2.63
8.999,0.291,2.625,9.03,0.29,2.63
8.999,0.291,2.625,9.03,0.29,2.63
8.999,0.291,2.625,9.03,0.29,2.63
8.999,0.291,2.625,9.03,0.29,2.63
8.999,0.291,2.625,9.03,0.29,2.63
8.999,0.291,2.625,9.03,0.29,2.63
8.999,0.291,2.625,9.03,0.29,2.63
8.999,0.291,2.625,9.03,0.29,2.63
8.999,0.291,2.625,9.03,0.29,2.63
8.999,0.291,2.625,9.03,0.29,2.63
8.999,0.291,2.625,9.03,0.29,2.63
8.999,0.291,2.625,9.03,0.29,2.63
8.999,0.291,2.625,9.03,0.29,2.63
8.999,0.291,2.625,9.03,0.29,2.63
8.999,0.291,2.625,9.03,0.29,2.63
8.999,0.291,2.625,9.03,0.29,2.63
8.999,0.291,2.625,9.03,0.29,2.63
8.999,0.291,2.625,9.03,0.29,2.63
8.999,0.291,2.625,9.03,0.29,2.63
8.999,0.291,2.625,9.03,0.29,2.63
8.999,0.291,2.625,9.03,0.29,2.63
8.999,0.291,2.625,9.03,0.29,2.63
8.999,0.291,2.625,9.03,0.29,2.63
8.999,0.291,2.625,9.03,0.29,2.63
8.999,0.291,2.625,9.03,0.29,2.63
8.999,0.291,2.625,9.03,0.29,2.63
8.999,0.291,2.625,9.03,0.29,2.63
8.999,0.291,2.625,9.03,0.29,2.63
8.999,0.291,2.625,9.03,0.29,2.63
9.999,0.324,3.241,10.04,0.32,3.26
9.999,0.324,3.241,10.04,0.32,3.26
9.999,0.324,3.241,10.04,0.32,3.26
9.999,0.324,3.241,10.04,0.32,3.26
9.999,0.324,3.241,10.04,0.32,3.26
9.999,0.324,3.241,10.04,0.32,3.26
9.999,0.324,3.241,10.04,0.32,3.26
9.999,0.324,3.241,10.04,0.32,3.26
9.999,0.324,3.241,10.04,0.32,3.26
9.999,0.324,3.241,10.04,0.32,3.26
9.999,0.324,3.241,10.04,0.32,3.26
9.999,0.324,3.241,10.04,0.32,3.26
9.999,0.324,3.241,10.04,0.32,3.26
9.999,0.324,3.241,10.04,0.32,3.26
9.999,0.324,3.241,10.04,0.32,3.26
9.999,0.324,3.241,10.04,0.32,3.26
9.999,0.324,3.241,10.04,0.32,3.26
9.999,0.324,3.241,10.04,0.32,3.26
9.999,0.324,3.241,10.04,0.32,3.26
9.999,0.324,3.241,10.04,0.32,3.26
9.999,0.324,3.241,10.04,0.32,3.26
9.999,0.324,3.241,10.04,0.32,3.26
9.999,0.324,3.241,10.04,0.32,3.26
9.999,0.324,3.241,10.04,0.32,3.26
9.999,0.324,3.241,10.04,0.32,3.26
9.999,0.324,3.241,10.04,0.32,3.26
9.999,0.324,3.241,10.04,0.32,3.26
9.999,0.324,3.241,10.04,0.32,3.26
9.999,0.324,3.241,10.04,0.32,3.26
9.999,0.324,3.241,10.04,0.32,3.26
9.999,0.324,3.241,10.04,0.32,3.26
9.999,0.324,3.241,10.04,0.32,3.26
9.999,0.324,3.241,10.04,0.32,3.26
9.999,0.324,3.241,10.04,0.32,3.26
9.999,0.324,3.241,10.04,0.32,3.26
9.999,0.324,3.241,10.04,0.32,3.26
9.999,0.324,3.241,10.04,0.32,3.26
9.999,0.324,3.241,10.04,0.32,3.26
9.999,0.324,3.241,10.04,0.32,3.26
9.999,0.324,3.241,10.04,0.32,3.26
9.999,0.324,3.241,10.04,0.32,3.26
9.999,0.324,3.241,10.04,0.32,3.26
9.999,0.324,3.241,10.04,0.32,3.26
9.999,0.324,3.241,10.04,0.32,3.26
9.999,0.324,3.241,10.04,0.32,3.26
9.999,0.324,3.241,10.04,0.32,3.26
9.999,0.324,3.241,10.04,0.32,3.26
9.999,0.324,3.241,10.04,0.32,3.26
9.999,0.324,3.241,10.04,0.32,3.26
9.999,0.324,3.241,10.04,0.32,3.26
9.999,0.324,3.241,10.04,0.32,3.26
9.999,0.324,3.241,10.04,0.32,3.26
9.999,0.324,3.241,10.04,0.32,3.26
9.999,0.324,3.241,10.04,0.32,3.26
9.999,0.324,3.241,10.04,0.32,3.26
9.999,0.324,3.241,10.04,0.32,3.26
9.999,0.324,3.241,10.04,0.32,3.26
9.999,0.324,3.241,10.04,0.32,3.26
9.999,0.324,3.241,10.04,0.32,3.26
9.999,0.324,3.241,10.04,0.32,3.26
9.999,0.324,3.241,10.04,0.32,3.26
9.999,0.324,3.241,10.04,0.32,3.26
9.999,0.324,3.241,10.04,0.32,3.26
9.999,0.324,3.241,10.04,0.32,3.26
9.999,0.324,3.241,10.04,0.32,3.26
9.999,0.324,3.241,10.04,0.32,3.26
9.999,0.324,3.241,10.04,0.32,3.26
9.999,0.324,3.241,10.04,0.32,3.26
9.999,0.324,3.241,10.04,0.32,3.26
9.999,0.324,3.241,10.04,0.32,3.26
9.999,0.324,3.241,10.04,0.32,3.26
9.999,0.324,3.241,10.04,0.32,3.26
9.999,0.324,3.241,10.04,0.32,3.26
9.999,0.324,3.241,10.04,0.32,3.26
9.999,0.324,3.241,10.04,0.32,3.26
9.999,0.324,3.241,10.04,0.32,3.26
9.999,0.324,3.241,10.04,0.32,3.26
9.999,0.324,3.241,10.04,0.32,3.26
9.999,0.324,3.241,10.04,0.32,3.26
9.999,0.324,3.241,10.04,0.32,3.26
9.999,0.324,3.241,10.04,0.32,3.26
9.999,0.324,3.241,10.04,0.32,3.26
9.999,0.324,3.241,10.04,0.32,3.26
9.999,0.324,3.241,10.04,0.32,3.26
9.999,0.324,3.241,10.04,0.32,3.26
9.999,0.324,3.241,10.04,0.32,3.26
9.999,0.324,3.241,10.04,0.32,3.26
9.999,0.324,3.241,10.04,0.32,3.26
9.999,0.324,3.241,10.04,0.32,3.26
9.999,0.324,3.241,10.04,0.32,3.26
9.999,0.324,3.241,10.04,0.32,3.26
9.999,0.324,3.241,10.04,0.32,3.26
9.999,0.324,3.241,10.04,0.32,3.26
9.999,0.324,3.241,10.04,0.32,3.26
9.999,0.324,3.241,10.04,0.32,3.26
9.999,0.324,3.241,10.04,0.32,3.26
9.999,0.324,3.241,10.04,0.32,3.26
9.999,0.324,3.241,10.04,0.32,3.26
9.999,0.324,3.241,10.04,0.32,3.26
9.999,0.324,3.241,10.04,0.32,3.26
11.000,0.356,3.924,11.03,0.36,3.94
11.000,0.356,3.924,11.03,0.36,3.94
11.000,0.356,3.924,11.03,0.36,3.94
11.000,0.356,3.924,11.03,0.36,3.94
11.000,0.356,3.924,11.03,0.36,3.94
11.000,0.356,3.924,11.03,0.36,3.94
11.000,0.356,3.924,11.03,0.36,3.94
11.000,0.356,3.924,11.03,0.36,3.94
11.000,0.356,3.924,11.03,0.36,3.94
11.000,0.356,3.924,11.03,0.36,3.94
11.000,0.356,3.924,11.03,0.36,3.94
11.000,0.356,3.924,11.03,0.36,3.94
11.000,0.356,3.924,11.03,0.36,3.94
11.000,0.356,3.924,11.03,0.36,3.94
11.000,0.356,3.924,11.03,0.36,3.94
11.000,0.356,3.924,11.03,0.36,3.94
11.000,0.356,3.924,11.03,0.36,3.94
11.000,0.356,3.924,11.03,0.36,3.94
11.000,0.356,3.924,11.03,0.36,3.94
11.000,0.356,3.924,11.03,0.36,3.94
11.000,0.356,3.924,11.03,0.36,3.94
11.000,0.356,3.924,11.03,0.36,3.94
11.000,0.356,3.924,11.03,0.36,3.94
11.000,0.356,3.924,11.03,0.36,3.94
11.000,0.356,3.924,11.03,0.36,3.94
11.000,0.356,3.924,11.03,0.36,3.94
11.000,0.356,3.924,11.03,0.36,3.94
11.000,0.356,3.924,11.03,0.36,3.94
11.000,0.356,3.924,11.03,0.36,3.94
11.000,0.356,3.924,11.03,0.36,3.94
11.000,0.356,3.924,11.03,0.36,3.94
11.000,0.356,3.924,11.03,0.36,3.94
11.000,0.356,3.924,11.03,0.36,3.94
11.000,0.356,3.924,11.03,0.36,3.94
11.000,0.356,3.924,11.03,0.36,3.94
11.000,0.356,3.924,11.03,0.36,3.94
11.000,0.356,3.924,11.03,0.36,3.94
11.000,0.356,3.924,11.03,0.36,3.94
11.000,0.356,3.924,11.03,0.36,3.94
11.000,0.356,3.924,11.03,0.36,3.94
11.000,0.356,3.924,11.03,0.36,3.94
11.000,0.356,3.924,11.03,0.36,3.94
11.000,0.356,3.924,11.03,0.36,3.94
11.000,0.356,3.924,11.03,0.36,3.94
11.000,0.356,3.924,11.03,0.36,3.94
11.000,0.356,3.924,11.03,0.36,3.94
11.000,0.356,3.924,11.03,0.36,3.94
11.000,0.356,3.924,11.03,0.36,3.94
11.000,0.356,3.924,11.03,0.36,3.94
11.000,0.356,3.924,11.03,0.36,3.94
11.000,0.356,3.924,11.03,0.36,3.94
11.000,0.356,3.924,11.03,0.36,3.94
11.000,0.356,3.924,11.03,0.36,3.94
11.000,0.356,3.924,11.03,0.36,3.94
11.000,0.356,3.924,11.03,0.36,3.94
11.000,0.356,3.924,11.03,0.36,3.94
11.000,0.356,3.924,11.03,0.36,3.94
11.000,0.356,3.924,11.03,0.36,3.94
11.000,0.356,3.924,11.03,0.36,3.94
11.000,0.356,3.924,11.03,0.36,3.94
11.000,0.356,3.924,11.03,0.36,3.94
11.000,0.356,3.924,11.03,0.36,3.94
11.000,0.356,3.924,11.03,0.36,3.94
11.000,0.356,3.924,11.03,0.36,3.94
11.000,0.356,3.924,11.03,0.36,3.94
11.000,0.356,3.924,11.03,0.36,3.94
11.000,0.356,3.924,11.03,0.36,3.94
11.000,0.356,3.924,11.03,0.36,3.94
11.000,0.356,3.924,11.03,0.36,3.94
11.000,0.356,3.924,11.03,0.36,3.94
11.000,0.356,3.924,11.03,0.36,3.94
11.000,0.356,3.924,11.03,0.36,3.94
11.000,0.356,3.924,11.03,0.36,3.94
11.000,0.356,3.924,11.03,0.36,3.94
11.000,0.356,3.924,11.03,0.36,3.94
11.000,0.356,3.924,11.03,0.36,3.94
11.000,0.356,3.924,11.03,0.36,3.94
11.000,0.356,3.924,11.03,0.36,3.94
11.000,0.356,3.924,11.03,0.36,3.94
11.000,0.356,3.924,11.03,0.36,3.94
11.000,0.356,3.924,11.03,0.36,3.94
11.000,0.356,3.924,11.03,0.36,3.94
11.000,0.356,3.924,11.03,0.36,3.94
11.000,0.356,3.924,11.03,0.36,3.94
11.000,0.356,3.924,11.03,0.36,3.94
11.000,0.356,3.924,11.03,0.36,3.94
11.000,0.356,3.924,11.03,0.36,3.94
11.000,0.356,3.924,11.03,0.36,3.94
11.000,0.356,3.924,11.03,0.36,3.94
11.000,0.356,3.924,11.03,0.36,3.94
11.000,0.356,3.924,11.03,0.36,3.94
11.000,0.356,3.924,11.03,0.36,3.94
11.000,0.356,3.924,11.03,0.36,3.94
11.000,0.356,3.924,11.03,0.36,3.94
11.000,0.356,3.924,11.03,0.36,3.94
11.000,0.356,3.924,11.03,0.36,3.94
11.000,0.356,3.924,11.03,0.36,3.94
11.000,0.356,3.924,11.03,0.36,3.94
11.000,0.356,3.924,11.03,0.36,3.94
11.999,0.389,4.670,12.05,0.39,4.69
11.999,0.389,4.670,12.05,0.39,4.69
11.999,0.389,4.670,12.05,0.39,4.69
11.999,0.389,4.670,12.05,0.39,4.69
11.999,0.389,4.670,12.05,0.39,4.69
11.999,0.389,4.670,12.05,0.39,4.69
11.999,0.389,4.670,12.05,0.39,4.69
11.999,0.389,4.670,12.05,0.39,4.69
11.999,0.389,4.670,12.05,0.39,4.69
11.999,0.389,4.670,12.05,0.39,4.69
11.999,0.389,4.670,12.05,0.39,4.69
11.999,0.389,4.670,12.05,0.39,4.69
11.999,0.389,4.670,12.05,0.39,4.69
11.999,0.389,4.670,12.05,0.39,4.69
11.999,0.389,4.670,12.05,0.39,4.69
11.999,0.389,4.670,12.05,0.39,4.69
11.999,0.389,4.670,12.05,0.39,4.69
11.999,0.389,4.670,12.05,0.39,4.69
11.999,0.389,4.670,12.05,0.39,4.69
11.999,0.389,4.670,12.05,0.39,4.69
11.999,0.389,4.670,12.05,0.39,4.69
11.999,0.389,4.670,12.05,0.39,4.69
11.999,0.389,4.670,12.05,0.39,4.69
11.999,0.389,4.670,12.05,0.39,4.69
11.999,0.389,4.670,12.05,0.39,4.69
11.999,0.389,4.670,12.05,0.39,4.69
11.999,0.389,4.670,12.05,0.39,4.69
11.999,0.389,4.670,12.05,0.39,4.69
11.999,0.389,4.670,12.05,0.39,4.69
11.999,0.389,4.670,12.05,0.39,4.69
11.999,0.389,4.670,12.05,0.39,4.69
11.999,0.389,4.670,12.05,0.39,4.69
11.999,0.389,4.670,12.05,0.39,4.69
11.999,0.389,4.670,12.05,0.39,4.69
11.999,0.389,4.670,12.05,0.39,4.69
11.999,0.389,4.670,12.05,0.39,4.69
11.999,0.389,4.670,12.05,0.39,4.69
11.999,0.389,4.670,12.05,0.39,4.69
11.999,0.389,4.670,12.05,0.39,4.69
11.999,0.389,4.670,12.05,0.39,4.69
11.999,0.389,4.670,12.05,0.39,4.69
11.999,0.389,4.670,12.05,0.39,4.69
11.999,0.389,4.670,12.05,0.39,4.69
11.999,0.389,4.670,12.05,0.39,4.69
11.999,0.389,4.670,12.05,0.39,4.69
11.999,0.389,4.670,12.05,0.39,4.69
11.999,0.389,4.670,12.05,0.39,4.69
11.999,0.389,4.670,12.05,0.39,4.69
11.999,0.389,4.670,12.05,0.39,4.69
11.999,0.389,4.670,12.05,0.39,4.69
11.999,0.389,4.670,12.05,0.39,4.69
11.999,0.389,4.670,12.05,0.39,4.69
11.999,0.389,4.670,12.05,0.39,4.69
11.999,0.389,4.670,12.05,0.39,4.69
11.999,0.389,4.670,12.05,0.39,4.69
11.999,0.389,4.670,12.05,0.39,4.69
11.999,0.389,4.670,12.05,0.39,4.69
11.999,0.389,4.670,12.05,0.39,4.69
11.999,0.389,4.670,12.05,0.39,4.69
11.999,0.389,4.670,12.05,0.39,4.69
11.999,0.389,4.670,12.05,0.39,4.69
11.999,0.389,4.670,12.05,0.39,4.69
11.999,0.389,4.670,12.05,0.39,4.69
11.999,0.389,4.670,12.05,0.39,4.69
11.999,0.389,4.670,12.05,0.39,4.69
11.999,0.389,4.670,12.05,0.39,4.69
11.999,0.389,4.670,12.05,0.39,4.69
11.999,0.389,4.670,12.05,0.39,4.69
11.999,0.389,4.670,12.05,0.39,4.69
11.999,0.389,4.670,12.05,0.39,4.69
11.999,0.389,4.670,12.05,0.39,4.69
11.999,0.389,4.670,12.05,0.39,4.69
11.999,0.389,4.670,12.05,0.39,4.69
11.999,0.389,4.670,12.05,0.39,4.69
11.999,0.389,4.670,12.05,0.39,4.69
11.999,0.389,4.670,12.05,0.39,4.69
11.999,0.389,4.670,12.05,0.39,4.69
11.999,0.389,4.670,12.05,0.39,4.69
11.999,0.389,4.670,12.05,0.39,4.69
11.999,0.389,4.670,12.05,0.39,4.69
11.999,0.389,4.670,12.05,0.39,4.69
11.999,0.389,4.670,12.05,0.39,4.69
11.999,0.389,4.670,12.05,0.39,4.69
11.999,0.389,4.670,12.05,0.39,4.69
11.999,0.389,4.670,12.05,0.39,4.69
11.999,0.389,4.670,12.05,0.39,4.69
11.999,0.389,4.670,12.05,0.39,4.69
11.999,0.389,4.670,12.05,0.39,4.69
11.999,0.389,4.670,12.05,0.39,4.69
11.999,0.389,4.670,12.05,0.39,4.69
11.999,0.389,4.670,12.05,0.39,4.69
11.999,0.389,4.670,12.05,0.39,4.69
11.999,0.389,4.670,12.05,0.39,4.69
11.999,0.389,4.670,12.05,0.39,4.69
11.999,0.389,4.670,12.05,0.39,4.69
11.999,0.389,4.670,12.05,0.39,4.69
11.999,0.389,4.670,12.05,0.39,4.69
11.999,0.389,4.670,12.05,0.39,4.69
11.999,0.389,4.670,12.05,0.39,4.69
13.000,0.421,5.483,13.04,0.42,5.52
13.000,0.421,5.483,13.04,0.42,5.52
13.000,0.421,5.483,13.04,0.42,5.52
13.000,0.421,5.483,13.04,0.42,5.52
13.000,0.421,5.483,13.04,0.42,5.52
13.000,0.421,5.483,13.04,0.42,5.52
13.000,0.421,5.483,13.04,0.42,5.52
13.000,0.421,5.483,13.04,0.42,5.52
13.000,0.421,5.483,13.04,0.42,5.52
13.000,0.421,5.483,13.04,0.42,5.52
13.000,0.421,5.483,13.04,0.42,5.52
13.000,0.421,5.483,13.04,0.42,5.52
13.000,0.421,5.483,13.04,0.42,5.52
13.000,0.421,5.483,13.04,0.42,5.52
13.000,0.421,5.483,13.04,0.42,5.52
13.000,0.421,5.483,13.04,0.42,5.52
13.000,0.421,5.483,13.04,0.42,5.52
13.000,0.421,5.483,13.04,0.42,5.52
13.000,0.421,5.483,13.04,0.42,5.52
13.000,0.421,5.483,13.04,0.42,5.52
13.000,0.421,5.483,13.04,0.42,5.52
13.000,0.421,5.483,13.04,0.42,5.52
13.000,0.421,5.483,13.04,0.42,5.52
13.000,0.421,5.483,13.04,0.42,5.52
13.000,0.421,5.483,13.04,0.42,5.52
13.000,0.421,5.483,13.04,0.42,5.52
13.000,0.421,5.483,13.04,0.42,5.52
13.000,0.421,5.483,13.04,0.42,5.52
13.000,0.421,5.483,13.04,0.42,5.52
13.000,0.421,5.483,13.04,0.42,5.52
13.000,0.421,5.483,13.04,0.42,5.52
13.000,0.421,5.483,13.04,0.42,5.52
13.000,0.421,5.483,13.04,0.42,5.52
13.000,0.421,5.483,13.04,0.42,5.52
13.000,0.421,5.483,13.04,0.42,5.52
13.000,0.421,5.483,13.04,0.42,5.52
13.000,0.421,5.483,13.04,0.42,5.52
13.000,0.421,5.483,13.04,0.42,5.52
13.000,0.421,5.483,13.04,0.42,5.52
13.000,0.421,5.483,13.04,0.42,5.52
13.000,0.421,5.483,13.04,0.42,5.52
13.000,0.421,5.483,13.04,0.42,5.52
13.000,0.421,5.483,13.04,0.42,5.52
13.000,0.421,5.483,13.04,0.42,5.52
13.000,0.421,5.483,13.04,0.42,5.52
13.000,0.421,5.483,13.04,0.42,5.52
13.000,0.421,5.483,13.04,0.42,5.52
13.000,0.421,5.483,13.04,0.42,5.52
13.000,0.421,5.483,13.04,0.42,5.52
13.000,0.421,5.483,13.04,0.42,5.52
13.000,0.421,5.483,13.04,0.42,5.52
13.000,0.421,5.483,13.04,0.42,5.52
13.000,0.421,5.483,13.04,0.42,5.52
13.000,0.421,5.483,13.04,0.42,5.52
13.000,0.421,5.483,13.04,0.42,5.52
13.000,0.421,5.483,13.04,0.42,5.52
13.000,0.421,5.483,13.04,0.42,5.52
13.000,0.421,5.483,13.04,0.42,5.52
13.000,0.421,5.483,13.04,0.42,5.52
13.000,0.421,5.483,13.04,0.42,5.52
13.000,0.421,5.483,13.04,0.42,5.52
13.000,0.421,5.483,13.04,0.42,5.52
13.000,0.421,5.483,13.04,0.42,5.52
13.000,0.421,5.483,13.04,0.42,5.52
13.000,0.421,5.483,13.04,0.42,5.52
13.000,0.421,5.483,13.04,0.42,5.52
13.000,0.421,5.483,13.04,0.42,5.52
13.000,0.421,5.483,13.04,0.42,5.52
13.000,0.421,5.483,13.04,0.42,5.52
13.000,0.421,5.483,13.04,0.42,5.52
13.000,0.421,5.483,13.04,0.42,5.52
13.000,0.421,5.483,13.04,0.42,5.52
13.000,0.421,5.483,13.04,0.42,5.52
13.000,0.421,5.483,13.04,0.42,5.52
13.000,0.421,5.483,13.04,0.42,5.52
13.000,0.421,5.483,13.04,0.42,5.52
13.000,0.421,5.483,13.04,0.42,5.52
13.000,0.421,5.483,13.04,0.42,5.52
13.000,0.421,5.483,13.04,0.42,5.52
13.000,0.421,5.483,13.04,0.42,5.52
13.000,0.421,5.483,13.04,0.42,5.52
13.000,0.421,5.483,13.04,0.42,5.52
13.000,0.421,5.483,13.04,0.42,5.52
13.000,0.421,5.483,13.04,0.42,5.52
13.000,0.421,5.483,13.04,0.42,5.52
13.000,0.421,5.483,13.04,0.42,5.52
13.000,0.421,5.483,13.04,0.42,5.52
13.000,0.421,5.483,13.04,0.42,5.52
13.000,0.421,5.483,13.04,0.42,5.52
13.000,0.421,5.483,13.04,0.42,5.52
13.000,0.421,5.483,13.04,0.42,5.52
13.000,0.421,5.483,13.04,0.42,5.52
13.000,0.421,5.483,13.04,0.42,5.52
13.000,0.421,5.483,13.04,0.42,5.52
13.000,0.421,5.483,13.04,0.42,5.52
13.000,0.421,5.483,13.04,0.42,5.52
13.000,0.421,5.483,13.04,0.42,5.52
13.000,0.421,5.483,13.04,0.42,5.52
13.000,0.421,5.483,13.04,0.42,5.52
13.000,0.421,5.483,13.04,0.42,5.52
14.000,0.454,6.360,14.06,0.46,6.41
14.000,0.454,6.360,14.06,0.46,6.41
14.000,0.454,6.360,14.06,0.46,6.41
14.000,0.454,6.360,14.06,0.46,6.41
14.000,0.454,6.360,14.06,0.46,6.41
14.000,0.454,6.360,14.06,0.46,6.41
14.000,0.454,6.360,14.06,0.46,6.41
14.000,0.454,6.360,14.06,0.46,6.41
14.000,0.454,6.360,14.06,0.46,6.41
14.000,0.454,6.360,14.06,0.46,6.41
14.000,0.454,6.360,14.06,0.46,6.41
14.000,0.454,6.360,14.06,0.46,6.41
14.000,0.454,6.360,14.06,0.46,6.41
14.000,0.454,6.360,14.06,0.46,6.41
14.000,0.454,6.360,14.06,0.46,6.41
14.000,0.454,6.360,14.06,0.46,6.41
14.000,0.454,6.360,14.06,0.46,6.41
14.000,0.454,6.360,14.06,0.46,6.41
14.000,0.454,6.360,14.06,0.46,6.41
14.000,0.454,6.360,14.06,0.46,6.41
14.000,0.454,6.360,14.06,0.46,6.41
14.000,0.454,6.360,14.06,0.46,6.41
14.000,0.454,6.360,14.06,0.46,6.41
14.000,0.454,6.360,14.06,0.46,6.41
14.000,0.454,6.360,14.06,0.46,6.41
14.000,0.454,6.360,14.06,0.46,6.41
14.000,0.454,6.360,14.06,0.46,6.41
14.000,0.454,6.360,14.06,0.46,6.41
14.000,0.454,6.360,14.06,0.46,6.41
14.000,0.454,6.360,14.06,0.46,6.41
14.000,0.454,6.360,14.06,0.46,6.41
14.000,0.454,6.360,14.06,0.46,6.41
14.000,0.454,6.360,14.06,0.46,6.41
14.000,0.454,6.360,14.06,0.46,6.41
14.000,0.454,6.360,14.06,0.46,6.41
14.000,0.454,6.360,14.06,0.46,6.41
14.000,0.454,6.360,14.06,0.46,6.41
14.000,0.454,6.360,14.06,0.46,6.41
14.000,0.454,6.360,14.06,0.46,6.41
14.000,0.454,6.360,14.06,0.46,6.41
14.000,0.454,6.360,14.06,0.46,6.41
14.000,0.454,6.360,14.06,0.46,6.41
14.000,0.454,6.360,14.06,0.46,6.41
14.000,0.454,6.360,14.06,0.46,6.41
14.000,0.454,6.360,14.06,0.46,6.41
14.000,0.454,6.360,14.06,0.46,6.41
14.000,0.454,6.360,14.06,0.46,6.41
14.000,0.454,6.360,14.06,0.46,6.41
14.000,0.454,6.360,14.06,0.46,6.41
14.000,0.454,6.360,14.06,0.46,6.41
14.000,0.454,6.360,14.06,0.46,6.41
14.000,0.454,6.360,14.06,0.46,6.41
14.000,0.454,6.360,14.06,0.46,6.41
14.000,0.454,6.360,14.06,0.46,6.41
14.000,0.454,6.360,14.06,0.46,6.41
14.000,0.454,6.360,14.06,0.46,6.41
14.000,0.454,6.360,14.06,0.46,6.41
14.000,0.454,6.360,14.06,0.46,6.41
14.000,0.454,6.360,14.06,0.46,6.41
14.000,0.454,6.360,14.06,0.46,6.41
14.000,0.454,6.360,14.06,0.46,6.41
14.000,0.454,6.360,14.06,0.46,6.41
14.000,0.454,6.360,14.06,0.46,6.41
14.000,0.454,6.360,14.06,0.46,6.41
14.000,0.454,6.360,14.06,0.46,6.41
14.000,0.454,6.360,14.06,0.46,6.41
14.000,0.454,6.360,14.06,0.46,6.41
14.000,0.454,6.360,14.06,0.46,6.41
14.000,0.454,6.360,14.06,0.46,6.41
14.000,0.454,6.360,14.06,0.46,6.41
14.000,0.454,6.360,14.06,0.46,6.41
14.000,0.454,6.360,14.06,0.46,6.41
14.000,0.454,6.360,14.06,0.46,6.41
14.000,0.454,6.360,14.06,0.46,6.41
14.000,0.454,6.360,14.06,0.46,6.41
14.000,0.454,6.360,14.06,0.46,6.41
14.000,0.454,6.360,14.06,0.46,6.41
14.000,0.454,6.360,14.06,0.46,6.41
14.000,0.454,6.360,14.06,0.46,6.41
14.000,0.454,6.360,14.06,0.46,6.41
14.000,0.454,6.360,14.06,0.46,6.41
14.000,0.454,6.360,14.06,0.46,6.41
14.000,0.454,6.360,14.06,0.46,6.41
14.000,0.454,6.360,14.06,0.46,6.41
14.000,0.454,6.360,14.06,0.46,6.41
14.000,0.454,6.360,14.06,0.46,6.41
14.000,0.454,6.360,14.06,0.46,6.41
14.000,0.454,6.360,14.06,0.46,6.41
14.000,0.454,6.360,14.06,0.46,6.41
14.000,0.454,6.360,14.06,0.46,6.41
14.000,0.454,6.360,14.06,0.46,6.41
14.000,0.454,6.360,14.06,0.46,6.41
14.000,0.454,6.360,14.06,0.46,6.41
14.000,0.454,6.360,14.06,0.46,6.41
14.000,0.454,6.360,14.06,0.46,6.41
14.000,0.454,6.360,14.06,0.46,6.41
14.000,0.454,6.360,14.06,0.46,6.41
14.000,0.454,6.360,14.06,0.46,6.41
14.000,0.454,6.360,14.06,0.46,6.41
14.000,0.454,6.360,14.06,0.46,6.41
14.999,0.486,7.303,15.05,0.49,7.35
14.999,0.486,7.303,15.05,0.49,7.35
14.999,0.486,7.303,15.05,0.49,7.35
14.999,0.486,7.303,15.05,0.49,7.35
14.999,0.486,7.303,15.05,0.49,7.35
14.999,0.486,7.303,15.05,0.49,7.35
14.999,0.486,7.303,15.05,0.49,7.35
14.999,0.486,7.303,15.05,0.49,7.35
14.999,0.486,7.303,15.05,0.49,7.35
14.999,0.486,7.303,15.05,0.49,7.35
14.999,0.486,7.303,15.05,0.49,7.35
14.999,0.486,7.303,15.05,0.49,7.35
14.999,0.486,7.303,15.05,0.49,7.35
14.999,0.486,7.303,15.05,0.49,7.35
14.999,0.486,7.303,15.05,0.49,7.35
14.999,0.486,7.303,15.05,0.49,7.35
14.999,0.486,7.303,15.05,0.49,7.35
14.999,0.486,7.303,15.05,0.49,7.35
14.999,0.486,7.303,15.05,0.49,7.35
14.999,0.486,7.303,15.05,0.49,7.35
14.999,0.486,7.303,15.05,0.49,7.35
14.999,0.486,7.303,15.05,0.49,7.35
14.999,0.486,7.303,15.05,0.49,7.35
14.999,0.486,7.303,15.05,0.49,7.35
14.999,0.486,7.303,15.05,0.49,7.35
14.999,0.486,7.303,15.05,0.49,7.35
14.999,0.486,7.303,15.05,0.49,7.35
14.999,0.486,7.303,15.05,0.49,7.35
14.999,0.486,7.303,15.05,0.49,7.35
14.999,0.486,7.303,15.05,0.49,7.35
14.999,0.486,7.303,15.05,0.49,7.35
14.999,0.486,7.303,15.05,0.49,7.35
14.999,0.486,7.303,15.05,0.49,7.35
14.999,0.486,7.303,15.05,0.49,7.35
14.999,0.486,7.303,15.05,0.49,7.35
14.999,0.486,7.303,15.05,0.49,7.35
14.999,0.486,7.303,15.05,0.49,7.35
14.999,0.486,7.303,15.05,0.49,7.35
14.999,0.486,7.303,15.05,0.49,7.35
14.999,0.486,7.303,15.05,0.49,7.35
14.999,0.486,7.303,15.05,0.49,7.35
14.999,0.486,7.303,15.05,0.49,7.35
14.999,0.486,7.303,15.05,0.49,7.35
14.999,0.486,7.303,15.05,0.49,7.35
14.999,0.486,7.303,15.05,0.49,7.35
14.999,0.486,7.303,15.05,0.49,7.35
14.999,0.486,7.303,15.05,0.49,7.35
14.999,0.486,7.303,15.05,0.49,7.35
14.999,0.486,7.303,15.05,0.49,7.35
14.999,0.486,7.303,15.05,0.49,7.35
14.999,0.486,7.303,15.05,0.49,7.35
14.999,0.486,7.303,15.05,0.49,7.35
14.999,0.486,7.303,15.05,0.49,7.35
14.999,0.486,7.303,15.05,0.49,7.35
14.999,0.486,7.303,15.05,0.49,7.35
14.999,0.486,7.303,15.05,0.49,7.35
14.999,0.486,7.303,15.05,0.49,7.35
14.999,0.486,7.303,15.05,0.49,7.35
14.999,0.486,7.303,15.05,0.49,7.35
14.999,0.486,7.303,15.05,0.49,7.35
14.999,0.486,7.303,15.05,0.49,7.35
14.999,0.486,7.303,15.05,0.49,7.35
14.999,0.486,7.303,15.05,0.49,7.35
14.999,0.486,7.303,15.05,0.49,7.35
14.999,0.486,7.303,15.05,0.49,7.35
14.999,0.486,7.303,15.05,0.49,7.35
14.999,0.486,7.303,15.05,0.49,7.35
14.999,0.486,7.303,15.05,0.49,7.35
14.999,0.486,7.303,15.05,0.49,7.35
14.999,0.486,7.303,15.05,0.49,7.35
14.999,0.486,7.303,15.05,0.49,7.35
14.999,0.486,7.303,15.05,0.49,7.35
14.999,0.486,7.303,15.05,0.49,7.35
14.999,0.486,7.303,15.05,0.49,7.35
14.999,0.486,7.303,15.05,0.49,7.35
14.999,0.486,7.303,15.05,0.49,7.35
14.999,0.486,7.303,15.05,0.49,7.35
14.999,0.486,7.303,15.05,0.49,7.35
14.999,0.486,7.303,15.05,0.49,7.35
14.999,0.486,7.303,15.05,0.49,7.35
14.999,0.486,7.303,15.05,0.49,7.35
14.999,0.486,7.303,15.05,0.49,7.35
14.999,0.486,7.303,15.05,0.49,7.35
14.999,0.486,7.303,15.05,0.49,7.35
14.999,0.486,7.303,15.05,0.49,7.35
14.999,0.486,7.303,15.05,0.49,7.35
14.999,0.486,7.303,15.05,0.49,7.35
14.999,0.486,7.303,15.05,0.49,7.35
14.999,0.486,7.303,15.05,0.49,7.35
14.999,0.486,7.303,15.05,0.49,7.35
14.999,0.486,7.303,15.05,0.49,7.35
14.999,0.486,7.303,15.05,0.49,7.35
14.999,0.486,7.303,15.05,0.49,7.35
14.999,0.486,7.303,15.05,0.49,7.35
14.999,0.486,7.303,15.05,0.49,7.35
14.999,0.486,7.303,15.05,0.49,7.35
14.999,0.486,7.303,15.05,0.49,7.35
14.999,0.486,7.303,15.05,0.49,7.35
14.999,0.486,7.303,15.05,0.49,7.35
16.000,0.519,8.312,16.06,0.52,8.37
16.000,0.519,8.312,16.06,0.52,8.37
16.000,0.519,8.312,16.06,0.52,8.37
16.000,0.519,8.312,16.06,0.52,8.37
16.000,0.519,8.312,16.06,0.52,8.37
16.000,0.519,8.312,16.06,0.52,8.37
16.000,0.519,8.312,16.06,0.52,8.37
16.000,0.519,8.312,16.06,0.52,8.37
16.000,0.519,8.312,16.06,0.52,8.37
16.000,0.519,8.312,16.06,0.52,8.37
16.000,0.519,8.312,16.06,0.52,8.37
16.000,0.519,8.312,16.06,0.52,8.37
16.000,0.519,8.312,16.06,0.52,8.37
16.000,0.519,8.312,16.06,0.52,8.37
16.000,0.519,8.312,16.06,0.52,8.37
16.000,0.519,8.312,16.06,0.52,8.37
16.000,0.519,8.312,16.06,0.52,8.37
16.000,0.519,8.312,16.06,0.52,8.37
16.000,0.519,8.312,16.06,0.52,8.37
16.000,0.519,8.312,16.06,0.52,8.37
16.000,0.519,8.312,16.06,0.52,8.37
16.000,0.519,8.312,16.06,0.52,8.37
16.000,0.519,8.312,16.06,0.52,8.37
16.000,0.519,8.312,16.06,0.52,8.37
16.000,0.519,8.312,16.06,0.52,8.37
16.000,0.519,8.312,16.06,0.52,8.37
16.000,0.519,8.312,16.06,0.52,8.37
16.000,0.519,8.312,16.06,0.52,8.37
16.000,0.519,8.312,16.06,0.52,8.37
16.000,0.519,8.312,16.06,0.52,8.37
16.000,0.519,8.312,16.06,0.52,8.37
16.000,0.519,8.312,16.06,0.52,8.37
16.000,0.519,8.312,16.06,0.52,8.37
16.000,0.519,8.312,16.06,0.52,8.37
16.000,0.519,8.312,16.06,0.52,8.37
16.000,0.519,8.312,16.06,0.52,8.37
16.000,0.519,8.312,16.06,0.52,8.37
16.000,0.519,8.312,16.06,0.52,8.37
16.000,0.519,8.312,16.06,0.52,8.37
16.000,0.519,8.312,16.06,0.52,8.37
16.000,0.519,8.312,16.06,0.52,8.37
16.000,0.519,8.312,16.06,0.52,8.37
16.000,0.519,8.312,16.06,0.52,8.37
16.000,0.519,8.312,16.06,0.52,8.37
16.000,0.519,8.312,16.06,0.52,8.37
16.000,0.519,8.312,16.06,0.52,8.37
16.000,0.519,8.312,16.06,0.52,8.37
16.000,0.519,8.312,16.06,0.52,8.37
16.000,0.519,8.312,16.06,0.52,8.37
16.000,0.519,8.312,16.06,0.52,8.37
16.000,0.519,8.312,16.06,0.52,8.37
16.000,0.519,8.312,16.06,0.52,8.37
16.000,0.519,8.312,16.06,0.52,8.37
16.000,0.519,8.312,16.06,0.52,8.37
16.000,0.519,8.312,16.06,0.52,8.37
16.000,0.519,8.312,16.06,0.52,8.37
16.000,0.519,8.312,16.06,0.52,8.37
16.000,0.519,8.312,16.06,0.52,8.37
16.000,0.519,8.312,16.06,0.52,8.37
16.000,0.519,8.312,16.06,0.52,8.37
16.000,0.519,8.312,16.06,0.52,8.37
16.000,0.519,8.312,16.06,0.52,8.37
16.000,0.519,8.312,16.06,0.52,8.37
16.000,0.519,8.312,16.06,0.52,8.37
16.000,0.519,8.312,16.06,0.52,8.37
16.000,0.519,8.312,16.06,0.52,8.37
16.000,0.519,8.312,16.06,0.52,8.37
16.000,0.519,8.312,16.06,0.52,8.37
16.000,0.519,8.312,16.06,0.52,8.37
16.000,0.519,8.312,16.06,0.52,8.37
16.000,0.519,8.312,16.06,0.52,8.37
16.000,0.519,8.312,16.06,0.52,8.37
16.000,0.519,8.312,16.06,0.52,8.37
16.000,0.519,8.312,16.06,0.52,8.37
16.000,0.519,8.312,16.06,0.52,8.37
16.000,0.519,8.312,16.06,0.52,8.37
16.000,0.519,8.312,16.06,0.52,8.37
16.000,0.519,8.312,16.06,0.52,8.37
16.000,0.519,8.312,16.06,0.52,8.37
16.000,0.519,8.312,16.06,0.52,8.37
16.000,0.519,8.312,16.06,0.52,8.37
16.000,0.519,8.312,16.06,0.52,8.37
16.000,0.519,8.312,16.06,0.52,8.37
16.000,0.519,8.312,16.06,0.52,8.37
16.000,0.519,8.312,16.06,0.52,8.37
16.000,0.519,8.312,16.06,0.52,8.37
16.000,0.519,8.312,16.06,0.52,8.37
16.000,0.519,8.312,16.06,0.52,8.37
16.000,0.519,8.312,16.06,0.52,8.37
16.000,0.519,8.312,16.06,0.52,8.37
16.000,0.519,8.312,16.06,0.52,8.37
16.000,0.519,8.312,16.06,0.52,8.37
16.000,0.519,8.312,16.06,0.52,8.37
16.000,0.519,8.312,16.06,0.52,8.37
16.000,0.519,8.312,16.06,0.52,8.37
16.000,0.519,8.312,16.06,0.52,8.37
16.000,0.519,8.312,16.06,0.52,8.37
16.000,0.519,8.312,16.06,0.52,8.37
16.000,0.519,8.312,16.06,0.52,8.37
