in_voltage,v_voltage,v_current
0,0.0,0.0
0,0.0,0.0
0,0.0,0.0
0,0.0,0.0
0,0.0,0.0
0,0.0,0.0
0,0.0,0.0
0,0.0,0.0
0,0.0,0.0
0,0.0,0.0
0,0.0,0.0
0,0.0,0.0
0,0.0,0.0
0,0.0,0.0
0,0.0,0.0
0,0.0,0.0
0,0.0,0.0
0,0.0,0.0
0,0.0,0.0
0,0.0,0.0
0,0.0,0.0
0,0.0,0.0
0,0.0,0.0
0,0.0,0.0
0,0.0,0.0
0,0.0,0.0
0,0.0,0.0
0,0.0,0.0
0,0.0,0.0
0,0.0,0.0
0,0.0,0.0
0,0.0,0.0
0,0.0,0.0
0,0.0,0.0
0,0.0,0.0
0,0.0,0.0
0,0.0,0.0
0,0.0,0.0
0,0.0,0.0
0,0.0,0.0
0,0.0,0.0
0,0.0,0.0
0,0.0,0.0
0,0.0,0.0
0,0.0,0.0
0,0.0,0.0
0,0.0,0.0
0,0.0,0.0
0,0.0,0.0
0,0.0,0.0
0,0.0,0.0
0,0.0,0.0
0,0.0,0.0
0,0.0,0.0
0,0.0,0.0
0,0.0,0.0
0,0.0,0.0
0,0.0,0.0
0,0.0,0.0
0,0.0,0.0
0,0.0,0.0
0,0.0,0.0
0,0.0,0.0
0,0.0,0.0
0,0.0,0.0
0,0.0,0.0
0,0.0,0.0
0,0.0,0.0
0,0.0,0.0
0,0.0,0.0
0,0.0,0.0
0,0.0,0.0
0,0.0,0.0
0,0.0,0.0
0,0.0,0.0
0,0.0,0.0
0,0.0,0.0
0,0.0,0.0
0,0.0,0.0
0,0.0,0.0
0,0.0,0.0
0,0.0,0.0
0,0.0,0.0
0,0.0,0.0
0,0.0,0.0
0,0.0,0.0
0,0.0,0.0
0,0.0,0.0
0,0.0,0.0
0,0.0,0.0
0,0.0,0.0
0,0.0,0.0
0,0.0,0.0
0,0.0,0.0
0,0.0,0.0
0,0.0,0.0
0,0.0,0.0
0,0.0,0.0
0,0.0,0.0
0,0.0,0.0
0,0.0,0.0
0,0.0,0.0
0,0.0,0.0
0,0.0,0.0
0,0.0,0.0
0,0.0,0.0
0,0.0,0.0
0,0.0,0.0
0,0.0,0.0
0,0.0,0.0
0,0.0,0.0
0,0.0,0.0
0,0.0,0.0
0,0.0,0.0
0,0.0,0.0
0,0.0,0.0
0,0.0,0.0
0,0.0,0.0
0,0.0,0.0
0,0.0,0.0
0,0.0,0.0
0,0.0,0.0
0,0.0,0.0
0,0.0,0.0
0,0.0,0.0
0,0.0,0.0
0,0.0,0.0
0,0.0,0.0
0,0.0,0.0
0,0.0,0.0
0,0.0,0.0
0,0.0,0.0
0,0.0,0.0
0,0.0,0.0
0,0.0,0.0
0,0.0,0.0
0,0.0,0.0
0,0.0,0.0
0,0.0,0.0
0,0.0,0.0
0,0.0,0.0
0,0.0,0.0
0,0.0,0.0
0,0.0,0.0
0,0.0,0.0
0,0.0,0.0
0,0.0,0.0
0,0.0,0.0
0,0.0,0.0
0,0.0,0.0
0,0.0,0.0
0,0.0,0.0
0,0.0,0.0
0,0.0,0.0
0,0.0,0.0
0,0.0,0.0
0,0.0,0.0
0,0.0,0.0
0,0.0,0.0
0,0.0,0.0
0,0.0,0.0
0,0.0,0.0
0,0.0,0.0
0,0.0,0.0
0,0.0,0.0
0,0.0,0.0
0,0.0,0.0
0,0.0,0.0
0,0.0,0.0
0,0.0,0.0
0,0.0,0.0
0,0.0,0.0
0,0.0,0.0
0,0.0,0.0
0,0.0,0.0
0,0.0,0.0
0,0.0,0.0
0,0.0,0.0
0,0.0,0.0
0,0.0,0.0
0,0.0,0.0
0,0.0,0.0
0,0.0,0.0
0,0.0,0.0
0,0.0,0.0
0,0.0,0.0
0,0.0,0.0
0,0.0,0.0
0,0.0,0.0
0,0.0,0.0
0,0.0,0.0
0,0.0,0.0
0,0.0,0.0
0,0.0,0.0
0,0.0,0.0
0,0.0,0.0
0,0.0,0.0
0,0.0,0.0
0,0.0,0.0
0,0.0,0.0
0,0.0,0.0
0,0.0,0.0
0,0.0,0.0
0,0.0,0.0
0,0.0,0.0
0,0.0,0.0
0,0.0,0.0
0,0.0,0.0
0,0.0,0.0
0,0.0,0.0
0,0.0,0.0
0,0.0,0.0
0,0.0,0.0
0,0.0,0.0
0,0.0,0.0
0,0.0,0.0
0,0.0,0.0
0,0.0,0.0
0,0.0,0.0
0,0.0,0.0
0,0.0,0.0
0,0.0,0.0
0,0.0,0.0
0,0.0,0.0
0,0.0,0.0
0,0.0,0.0
0,0.0,0.0
0,0.0,0.0
0,0.0,0.0
0,0.0,0.0
0,0.0,0.0
0,0.0,0.0
0,0.0,0.0
0,0.0,0.0
0,0.0,0.0
0,0.0,0.0
0,0.0,0.0
0,0.0,0.0
0,0.0,0.0
0,0.0,0.0
0,0.0,0.0
0,0.0,0.0
0,0.0,0.0
0,0.0,0.0
0,0.0,0.0
0,0.0,0.0
0,0.0,0.0
0,0.0,0.0
0,0.0,0.0
0,0.0,0.0
0,0.0,0.0
0,0.0,0.0
0,0.0,0.0
0,0.0,0.0
0,0.0,0.0
0,0.0,0.0
0,0.0,0.0
0,0.0,0.0
0,0.0,0.0
0,0.0,0.0
0,0.0,0.0
0,0.0,0.0
0,0.0,0.0
0,0.0,0.0
0,0.0,0.0
0,0.0,0.0
0,0.0,0.0
0,0.0,0.0
0,0.0,0.0
0,0.0,0.0
0,0.0,0.0
0,0.0,0.0
0,0.0,0.0
0,0.0,0.0
0,0.0,0.0
0,0.0,0.0
0,0.0,0.0
0,0.0,0.0
0,0.0,0.0
0,0.0,0.0
0,0.0,0.0
0,0.0,0.0
0,0.0,0.0
0,0.0,0.0
0,0.0,0.0
0,0.0,0.0
0,0.0,0.0
0,0.0,0.0
0,0.0,0.0
0,0.0,0.0
0,0.0,0.0
0,0.0,0.0
0,0.0,0.0
0,0.0,0.0
0,0.0,0.0
0,0.0,0.0
0,0.0,0.0
0,0.0,0.0
0,0.0,0.0
0,0.0,0.0
0,0.0,0.0
0,0.0,0.0
0,0.0,0.0
0,0.0,0.0
0,0.0,0.0
0,0.0,0.0
0,0.0,0.0
0,0.0,0.0
0,0.0,0.0
0,0.0,0.0
0,0.0,0.0
0,0.0,0.0
0,0.0,0.0
0,0.0,0.0
0,0.0,0.0
0,0.0,0.0
0,0.0,0.0
0,0.0,0.0
0,0.0,0.0
0,0.0,0.0
0,0.0,0.0
0,0.0,0.0
0,0.0,0.0
0,0.0,0.0
0,0.0,0.0
0,0.0,0.0
0,0.0,0.0
0,0.0,0.0
0,0.0,0.0
0,0.0,0.0
0,0.0,0.0
0,0.0,0.0
0,0.0,0.0
0,0.0,0.0
0,0.0,0.0
0,0.0,0.0
0,0.0,0.0
0,0.0,0.0
0,0.0,0.0
0,0.0,0.0
0,0.0,0.0
0,0.0,0.0
0,0.0,0.0
0,0.0,0.0
0,0.0,0.0
0,0.0,0.0
0,0.0,0.0
0,0.0,0.0
0,0.0,0.0
0,0.0,0.0
0,0.0,0.0
0,0.0,0.0
0,0.0,0.0
0,0.0,0.0
0,0.0,0.0
0,0.0,0.0
0,0.0,0.0
0,0.0,0.0
0,0.0,0.0
0,0.0,0.0
0,0.0,0.0
0,0.0,0.0
0,0.0,0.0
0,0.0,0.0
0,0.0,0.0
0,0.0,0.0
0,0.0,0.0
0,0.0,0.0
0,0.0,0.0
0,0.0,0.0
0,0.0,0.0
0,0.0,0.0
0,0.0,0.0
0,0.0,0.0
0,0.0,0.0
0,0.0,0.0
0,0.0,0.0
0,0.0,0.0
0,0.0,0.0
0,0.0,0.0
0,0.0,0.0
0,0.0,0.0
0,0.0,0.0
0,0.0,0.0
0,0.0,0.0
0,0.0,0.0
0,0.0,0.0
0,0.0,0.0
0,0.0,0.0
0,0.0,0.0
0,0.0,0.0
0,0.0,0.0
0,0.0,0.0
0,0.0,0.0
0,0.0,0.0
0,0.0,0.0
0,0.0,0.0
0,0.0,0.0
0,0.0,0.0
0,0.0,0.0
0,0.0,0.0
0,0.0,0.0
0,0.0,0.0
0,0.0,0.0
0,0.0,0.0
0,0.0,0.0
0,0.0,0.0
0,0.0,0.0
0,0.0,0.0
0,0.0,0.0
0,0.0,0.0
0,0.0,0.0
0,0.0,0.0
0,0.0,0.0
0,0.0,0.0
0,0.0,0.0
0,0.0,0.0
0,0.0,0.0
0,0.0,0.0
0,0.0,0.0
0,0.0,0.0
0,0.0,0.0
0,0.0,0.0
0,0.0,0.0
0,0.0,0.0
0,0.0,0.0
0,0.0,0.0
0,0.0,0.0
0,0.0,0.0
0,0.0,0.0
0,0.0,0.0
0,0.0,0.0
0,0.0,0.0
0,0.0,0.0
0,0.0,0.0
0,0.0,0.0
0,0.0,0.0
0,0.0,0.0
0,0.0,0.0
0,0.0,0.0
0,0.0,0.0
0,0.0,0.0
0,0.0,0.0
0,0.0,0.0
0,0.0,0.0
0,0.0,0.0
0,0.0,0.0
0,0.0,0.0
0,0.0,0.0
0,0.0,0.0
0,0.0,0.0
0,0.0,0.0
0,0.0,0.0
0,0.0,0.0
0,0.0,0.0
0,0.0,0.0
0,0.0,0.0
0,0.0,0.0
0,0.0,0.0
0,0.0,0.0
0,0.0,0.0
0,0.0,0.0
0,0.0,0.0
0,0.0,0.0
0,0.0,0.0
0,0.0,0.0
0,0.0,0.0
0,0.0,0.0
0,0.0,0.0
0,0.0,0.0
0,0.0,0.0
0,0.0,0.0
0,0.0,0.0
0,0.0,0.0
0,0.0,0.0
0,0.0,0.0
0,0.0,0.0
0,0.0,0.0
0,0.0,0.0
0,0.0,0.0
0,0.0,0.0
0,0.0,0.0
0,0.0,0.0
0,0.0,0.0
0,0.0,0.0
0,0.0,0.0
0,0.0,0.0
0,0.0,0.0
0,0.0,0.0
0,0.0,0.0
0,0.0,0.0
0,0.0,0.0
0,0.0,0.0
0,0.0,0.0
0,0.0,0.0
0,0.0,0.0
0,0.0,0.0
0,0.0,0.0
0,0.0,0.0
0,0.0,0.0
0,0.0,0.0
0,0.0,0.0
0,0.0,0.0
0,0.0,0.0
0,0.0,0.0
0,0.0,0.0
0,0.0,0.0
0,0.0,0.0
0,0.0,0.0
0,0.0,0.0
0,0.0,0.0
0,0.0,0.0
0,0.0,0.0
0,0.0,0.0
0,0.0,0.0
0,0.0,0.0
0,0.0,0.0
0,0.0,0.0
0,0.0,0.0
0,0.0,0.0
0,0.0,0.0
0,0.0,0.0
0,0.0,0.0
0,0.0,0.0
0,0.0,0.0
0,0.0,0.0
0,0.0,0.0
0,0.0,0.0
0,0.0,0.0
0,0.0,0.0
0,0.0,0.0
0,0.0,0.0
0,0.0,0.0
0,0.0,0.0
0,0.0,0.0
0,0.0,0.0
0,0.0,0.0
0,0.0,0.0
0,0.0,0.0
0,0.0,0.0
0,0.0,0.0
0,0.0,0.0
0,0.0,0.0
0,0.0,0.0
0,0.0,0.0
0,0.0,0.0
0,0.0,0.0
0,0.0,0.0
0,0.0,0.0
0,0.0,0.0
0,0.0,0.0
0,0.0,0.0
0,0.0,0.0
0,0.0,0.0
0,0.0,0.0
0,0.0,0.0
0,0.0,0.0
0,0.0,0.0
0,0.0,0.0
0,0.0,0.0
0,0.0,0.0
0,0.0,0.0
0,0.0,0.0
0,0.0,0.0
0,0.0,0.0
0,0.0,0.0
0,0.0,0.0
0,0.0,0.0
0,0.0,0.0
0,0.0,0.0
0,0.0,0.0
0,0.0,0.0
0,0.0,0.0
0,0.0,0.0
0,0.0,0.0
0,0.0,0.0
0,0.0,0.0
0,0.0,0.0
0,0.0,0.0
0,0.0,0.0
0,0.0,0.0
0,0.0,0.0
0,0.0,0.0
0,0.0,0.0
0,0.0,0.0
0,0.0,0.0
0,0.0,0.0
0,0.0,0.0
0,0.0,0.0
0,0.0,0.0
0,0.0,0.0
0,0.0,0.0
0,0.0,0.0
0,0.0,0.0
0,0.0,0.0
0,0.0,0.0
0,0.0,0.0
0,0.0,0.0
0,0.0,0.0
0,0.0,0.0
0,0.0,0.0
0,0.0,0.0
0,0.0,0.0
0,0.0,0.0
0,0.0,0.0
0,0.0,0.0
0,0.0,0.0
0,0.0,0.0
0,0.0,0.0
0,0.0,0.0
0,0.0,0.0
0,0.0,0.0
0,0.0,0.0
0,0.0,0.0
0,0.0,0.0
0,0.0,0.0
0,0.0,0.0
0,0.0,0.0
0,0.0,0.0
0,0.0,0.0
0,0.0,0.0
0,0.0,0.0
0,0.0,0.0
0,0.0,0.0
0,0.0,0.0
0,0.0,0.0
0,0.0,0.0
0,0.0,0.0
0,0.0,0.0
0,0.0,0.0
0,0.0,0.0
0,0.0,0.0
0,0.0,0.0
0,0.0,0.0
0,0.0,0.0
0,0.0,0.0
0,0.0,0.0
0,0.0,0.0
0,0.0,0.0
0,0.0,0.0
0,0.0,0.0
0,0.0,0.0
0,0.0,0.0
0,0.0,0.0
0,0.0,0.0
0,0.0,0.0
0,0.0,0.0
0,0.0,0.0
0,0.0,0.0
0,0.0,0.0
0,0.0,0.0
0,0.0,0.0
0,0.0,0.0
0,0.0,0.0
0,0.0,0.0
0,0.0,0.0
0,0.0,0.0
0,0.0,0.0
0,0.0,0.0
0,0.0,0.0
0,0.0,0.0
0,0.0,0.0
0,0.0,0.0
0,0.0,0.0
0,0.0,0.0
0,0.0,0.0
0,0.0,0.0
0,0.0,0.0
0,0.0,0.0
0,0.0,0.0
0,0.0,0.0
0,0.0,0.0
0,0.0,0.0
0,0.0,0.0
0,0.0,0.0
0,0.0,0.0
0,0.0,0.0
0,0.0,0.0
0,0.0,0.0
0,0.0,0.0
0,0.0,0.0
0,0.0,0.0
0,0.0,0.0
0,0.0,0.0
0,0.0,0.0
0,0.0,0.0
0,0.0,0.0
0,0.0,0.0
0,0.0,0.0
0,0.0,0.0
0,0.0,0.0
0,0.0,0.0
0,0.0,0.0
0,0.0,0.0
0,0.0,0.0
0,0.0,0.0
0,0.0,0.0
0,0.0,0.0
0,0.0,0.0
0,0.0,0.0
0,0.0,0.0
0,0.0,0.0
0,0.0,0.0
0,0.0,0.0
0,0.0,0.0
0,0.0,0.0
0,0.0,0.0
0,0.0,0.0
0,0.0,0.0
0,0.0,0.0
0,0.0,0.0
0,0.0,0.0
0,0.0,0.0
0,0.0,0.0
0,0.0,0.0
0,0.0,0.0
0,0.0,0.0
0,0.0,0.0
0,0.0,0.0
0,0.0,0.0
0,0.0,0.0
0,0.0,0.0
0,0.0,0.0
0,0.0,0.0
0,0.0,0.0
0,0.0,0.0
0,0.0,0.0
0,0.0,0.0
0,0.0,0.0
0,0.0,0.0
0,0.0,0.0
0,0.0,0.0
0,0.0,0.0
0,0.0,0.0
0,0.0,0.0
0,0.0,0.0
0,0.0,0.0
0,0.0,0.0
0,0.0,0.0
0,0.0,0.0
0,0.0,0.0
0,0.0,0.0
0,0.0,0.0
0,0.0,0.0
0,0.0,0.0
0,0.0,0.0
0,0.0,0.0
0,0.0,0.0
0,0.0,0.0
0,0.0,0.0
0,0.0,0.0
0,0.0,0.0
0,0.0,0.0
0,0.0,0.0
0,0.0,0.0
0,0.0,0.0
0,0.0,0.0
0,0.0,0.0
0,0.0,0.0
0,0.0,0.0
0,0.0,0.0
0,0.0,0.0
0,0.0,0.0
0,0.0,0.0
0,0.0,0.0
0,0.0,0.0
0,0.0,0.0
0,0.0,0.0
0,0.0,0.0
0,0.0,0.0
0,0.0,0.0
0,0.0,0.0
0,0.0,0.0
0,0.0,0.0
0,0.0,0.0
0,0.0,0.0
0,0.0,0.0
0,0.0,0.0
0,0.0,0.0
0,0.0,0.0
0,0.0,0.0
0,0.0,0.0
0,0.0,0.0
0,0.0,0.0
0,0.0,0.0
0,0.0,0.0
0,0.0,0.0
0,0.0,0.0
0,0.0,0.0
0,0.0,0.0
0,0.0,0.0
0,0.0,0.0
0,0.0,0.0
0,0.0,0.0
0,0.0,0.0
0,0.0,0.0
0,0.0,0.0
0,0.0,0.0
0,0.0,0.0
0,0.0,0.0
0,0.0,0.0
0,0.0,0.0
0,0.0,0.0
0,0.0,0.0
0,0.0,0.0
0,0.0,0.0
0,0.0,0.0
0,0.0,0.0
0,0.0,0.0
0,0.0,0.0
0,0.0,0.0
0,0.0,0.0
0,0.0,0.0
0,0.0,0.0
0,0.0,0.0
0,0.0,0.0
0,0.0,0.0
0,0.0,0.0
0,0.0,0.0
0,0.0,0.0
0,0.0,0.0
0,0.0,0.0
0,0.0,0.0
0,0.0,0.0
0,0.0,0.0
0,0.0,0.0
0,0.0,0.0
0,0.0,0.0
0,0.0,0.0
0,0.0,0.0
0,0.0,0.0
0,0.0,0.0
0,0.0,0.0
0,0.0,0.0
0,0.0,0.0
0,0.0,0.0
0,0.0,0.0
0,0.0,0.0
0,0.0,0.0
0,0.0,0.0
0,0.0,0.0
0,0.0,0.0
0,0.0,0.0
0,0.0,0.0
0,0.0,0.0
0,0.0,0.0
0,0.0,0.0
0,0.0,0.0
0,0.0,0.0
0,0.0,0.0
0,0.0,0.0
0,0.0,0.0
0,0.0,0.0
0,0.0,0.0
0,0.0,0.0
0,0.0,0.0
0,0.0,0.0
0,0.0,0.0
0,0.0,0.0
0,0.0,0.0
0,0.0,0.0
0,0.0,0.0
0,0.0,0.0
0,0.0,0.0
0,0.0,0.0
0,0.0,0.0
0,0.0,0.0
0,0.0,0.0
0,0.0,0.0
0,0.0,0.0
0,0.0,0.0
0,0.0,0.0
0,0.0,0.0
0,0.0,0.0
0,0.0,0.0
0,0.0,0.0
0,0.0,0.0
0,0.0,0.0
0,0.0,0.0
0,0.0,0.0
0,0.0,0.0
0,0.0,0.0
0,0.0,0.0
0,0.0,0.0
0,0.0,0.0
0,0.0,0.0
0,0.0,0.0
0,0.0,0.0
0,0.0,0.0
0,0.0,0.0
0,0.0,0.0
0,0.0,0.0
0,0.0,0.0
0,0.0,0.0
0,0.0,0.0
0,0.0,0.0
0,0.0,0.0
0,0.0,0.0
0,0.0,0.0
0,0.0,0.0
0,0.0,0.0
0,0.0,0.0
0,0.0,0.0
0,0.0,0.0
0,0.0,0.0
0,0.0,0.0
0,0.0,0.0
0,0.0,0.0
0,0.0,0.0
0,0.0,0.0
0,0.0,0.0
0,0.0,0.0
0,0.0,0.0
0,0.0,0.0
0,0.0,0.0
0,0.0,0.0
0,0.0,0.0
0,0.0,0.0
0,0.0,0.0
0,0.0,0.0
0,0.0,0.0
0,0.0,0.0
0,0.0,0.0
0,0.0,0.0
0,0.0,0.0
0,0.0,0.0
0,0.0,0.0
0,0.0,0.0
0,0.0,0.0
0,0.0,0.0
0,0.0,0.0
0,0.0,0.0
0,0.0,0.0
0,0.0,0.0
0,0.0,0.0
0,0.0,0.0
0,0.0,0.0
0,0.0,0.0
0,0.0,0.0
0,0.0,0.0
0,0.0,0.0
0,0.0,0.0
0,0.0,0.0
0,0.0,0.0
0,0.0,0.0
0,0.0,0.0
0,0.0,0.0
0,0.0,0.0
0,0.0,0.0
0,0.0,0.0
0,0.0,0.0
0,0.0,0.0
0,0.0,0.0
0,0.0,0.0
0,0.0,0.0
0,0.0,0.0
0,0.0,0.0
0,0.0,0.0
0,0.0,0.0
0,0.0,0.0
0,0.0,0.0
0,0.0,0.0
0,0.0,0.0
0,0.0,0.0
0,0.0,0.0
0,0.0,0.0
0,0.0,0.0
0,0.0,0.0
0,0.0,0.0
0,0.0,0.0
0,0.0,0.0
0,0.0,0.0
0,0.0,0.0
0,0.0,0.0
0,0.0,0.0
0,0.0,0.0
0,0.0,0.0
0,0.0,0.0
0,0.0,0.0
0,0.0,0.0
0,0.0,0.0
0,0.0,0.0
0,0.0,0.0
0,0.0,0.0
0,0.0,0.0
0,0.0,0.0
0,0.0,0.0
0,0.0,0.0
0,0.0,0.0
0,0.0,0.0
0,0.0,0.0
0,0.0,0.0
0,0.0,0.0
0,0.0,0.0
0,0.0,0.0
0,0.0,0.0
0,0.0,0.0
0,0.0,0.0
0,0.0,0.0
0,0.0,0.0
1,0.0,0.0
1,0.0,0.0
1,0.0,0.0
1,0.0,0.0
1,0.0,0.0
1,0.0,0.0
1,0.0,0.0
1,0.0,0.0
1,0.0,0.0
1,0.0,0.0
1,0.0,0.0
1,0.0,0.0
1,0.0,0.0
1,0.0,0.0
1,0.0,0.0
1,0.0,0.0
1,0.0,0.0
1,0.0,0.0
1,0.0,0.0
1,0.0,0.0
1,0.0,0.0
1,0.0,0.0
1,0.0,0.0
1,0.0,0.0
1,0.0,0.0
1,0.0,0.0
1,0.0,0.0
1,0.0,0.0
1,0.0,0.0
1,0.0,0.0
1,0.0,0.0
1,0.0,0.0
1,0.0,0.0
1,0.0,0.0
1,0.0,0.0
1,0.0,0.0
1,0.0,0.0
1,0.0,0.0
1,0.0,0.0
1,0.0,0.0
1,0.0,0.0
1,0.0,0.0
1,0.0,0.0
1,0.0,0.0
1,0.0,0.0
1,0.0,0.0
1,0.0,0.0
1,0.0,0.0
1,0.0,0.0
1,0.0,0.0
1,0.0,0.0
1,0.0,0.0
1,0.0,0.0
1,0.0,0.0
1,0.0,0.0
1,0.0,0.0
1,0.0,0.0
1,0.0,0.0
1,0.0,0.0
1,0.0,0.0
1,0.0,0.0
1,0.0,0.0
1,0.0,0.0
1,0.0,0.0
1,0.0,0.0
1,0.0,0.0
1,0.0,0.0
1,0.0,0.0
1,0.0,0.0
1,0.0,0.0
1,0.0,0.0
1,0.0,0.0
1,0.0,0.0
1,0.0,0.0
1,0.0,0.0
1,0.0,0.0
1,0.0,0.0
1,0.0,0.0
1,0.0,0.0
1,0.0,0.0
1,0.0,0.0
1,0.0,0.0
1,0.0,0.0
1,0.0,0.0
1,0.0,0.0
1,0.0,0.0
1,0.0,0.0
1,0.0,0.0
1,0.0,0.0
1,0.0,0.0
1,0.0,0.0
1,0.0,0.0
1,0.0,0.0
1,0.0,0.0
1,0.0,0.0
1,0.0,0.0
1,0.0,0.0
1,0.0,0.0
1,0.0,0.0
1,0.0,0.0
1,0.0,0.0
1,0.0,0.0
1,0.0,0.0
1,0.0,0.0
1,0.0,0.0
1,0.0,0.0
1,0.0,0.0
1,0.0,0.0
1,0.0,0.0
1,0.0,0.0
1,0.0,0.0
1,0.0,0.0
1,0.0,0.0
1,0.0,0.0
1,0.0,0.0
1,0.0,0.0
1,0.0,0.0
1,0.0,0.0
1,0.0,0.0
1,0.0,0.0
1,0.0,0.0
1,0.0,0.0
1,0.0,0.0
1,0.0,0.0
1,0.0,0.0
1,0.0,0.0
1,0.0,0.0
1,0.0,0.0
1,0.0,0.0
1,0.0,0.0
1,0.0,0.0
1,0.0,0.0
1,0.0,0.0
1,0.0,0.0
1,0.0,0.0
1,0.0,0.0
1,0.0,0.0
1,0.0,0.0
1,0.0,0.0
1,0.0,0.0
1,0.0,0.0
1,0.0,0.0
1,0.0,0.0
1,0.0,0.0
1,0.0,0.0
1,0.0,0.0
1,0.0,0.0
1,0.0,0.0
1,0.0,0.0
1,0.0,0.0
1,0.0,0.0
1,0.0,0.0
1,0.0,0.0
1,0.0,0.0
1,0.0,0.0
1,0.0,0.0
1,0.0,0.0
1,0.0,0.0
1,0.0,0.0
1,0.0,0.0
1,0.0,0.0
1,0.0,0.0
1,0.0,0.0
1,0.0,0.0
1,0.0,0.0
1,0.0,0.0
1,0.0,0.0
1,0.0,0.0
1,0.0,0.0
1,0.0,0.0
1,0.0,0.0
1,0.0,0.0
1,0.0,0.0
1,0.0,0.0
1,0.0,0.0
1,0.0,0.0
1,0.0,0.0
1,0.0,0.0
1,0.0,0.0
1,0.0,0.0
1,0.0,0.0
1,0.0,0.0
1,0.0,0.0
1,0.0,0.0
1,0.0,0.0
1,0.0,0.0
1,0.0,0.0
1,0.0,0.0
1,0.0,0.0
1,0.0,0.0
1,0.0,0.0
1,0.0,0.0
1,0.0,0.0
1,0.0,0.0
1,0.0,0.0
1,0.0,0.0
1,0.0,0.0
1,0.0,0.0
1,0.0,0.0
1,0.0,0.0
1,0.0,0.0
1,0.0,0.0
1,0.0,0.0
1,0.0,0.0
1,0.0,0.0
1,0.0,0.0
1,0.0,0.0
1,0.0,0.0
1,0.0,0.0
1,0.0,0.0
1,0.0,0.0
1,0.0,0.0
1,0.0,0.0
1,0.0,0.0
1,0.0,0.0
1,0.0,0.0
1,0.0,0.0
1,0.0,0.0
1,0.0,0.0
1,0.0,0.0
1,0.0,0.0
1,0.0,0.0
1,0.0,0.0
1,0.0,0.0
1,0.0,0.0
1,0.0,0.0
1,0.0,0.0
1,0.0,0.0
1,0.0,0.0
1,0.0,0.0
1,0.0,0.0
1,0.0,0.0
1,0.0,0.0
1,0.0,0.0
1,0.0,0.0
1,0.0,0.0
1,0.0,0.0
1,0.0,0.0
1,0.0,0.0
1,0.0,0.0
1,0.0,0.0
1,0.0,0.0
1,0.0,0.0
1,0.0,0.0
1,0.0,0.0
1,0.0,0.0
1,0.0,0.0
1,0.0,0.0
1,0.0,0.0
1,0.0,0.0
1,0.0,0.0
1,0.0,0.0
1,0.0,0.0
1,0.0,0.0
1,0.0,0.0
1,0.0,0.0
1,0.0,0.0
1,0.0,0.0
1,0.0,0.0
1,0.0,0.0
1,0.0,0.0
1,0.0,0.0
1,0.0,0.0
1,0.0,0.0
1,0.0,0.0
1,0.0,0.0
1,0.0,0.0
1,0.0,0.0
1,0.0,0.0
1,0.0,0.0
1,0.0,0.0
1,0.0,0.0
1,0.0,0.0
1,0.0,0.83
1,0.0,0.98
1,0.0,0.97
1,0.0,0.97
1,0.0,0.97
1,0.0,0.97
1,0.0,0.97
1,0.0,0.97
1,0.0,0.97
1,0.0,0.97
1,0.0,0.97
1,0.0,0.97
1,0.0,0.97
1,0.0,0.97
1,0.0,0.97
1,0.0,0.97
1,0.0,0.97
1,0.0,0.97
1,0.0,0.97
1,0.0,0.97
1,0.0,0.97
1,0.0,0.97
1,0.0,0.98
1,0.0,0.97
1,0.0,0.97
1,0.0,0.97
1,0.0,0.97
1,0.0,0.97
1,0.0,0.97
1,0.0,0.97
1,0.0,0.98
1,0.0,0.97
1,0.0,0.97
1,0.0,0.97
1,0.0,0.97
1,0.0,0.97
1,0.0,0.97
1,0.0,0.98
1,0.0,0.97
1,0.0,0.97
1,0.0,0.97
1,0.79,0.97
1,0.98,0.97
1,0.97,0.97
1,0.97,0.97
1,0.97,0.97
1,0.97,0.97
1,0.97,0.97
1,0.97,0.97
1,0.97,0.97
1,0.97,0.97
1,0.97,0.97
1,0.97,0.98
1,0.97,0.97
1,0.97,0.97
1,0.97,0.97
1,0.97,0.97
1,0.97,0.97
1,0.97,0.97
1,0.97,0.97
1,0.97,0.97
1,0.97,0.97
1,0.97,0.97
1,0.97,0.97
1,0.97,0.97
1,0.97,0.97
1,0.97,0.97
1,0.97,0.97
1,0.97,0.97
1,0.97,0.97
1,0.97,0.97
1,0.97,0.97
1,0.97,0.97
1,0.97,0.97
1,0.97,0.97
1,0.97,0.97
1,0.97,0.97
1,0.97,0.97
1,0.97,0.97
1,0.97,0.97
1,0.97,0.97
1,0.97,0.97
1,0.97,0.97
1,0.97,0.97
1,0.97,0.97
1,0.97,0.97
1,0.97,0.97
1,0.97,0.97
1,0.97,0.97
1,0.97,0.97
1,0.97,0.97
1,0.97,0.97
1,0.97,0.97
1,0.97,0.97
1,0.97,0.97
1,0.97,0.97
1,0.97,0.97
1,0.97,0.97
1,0.97,0.97
1,0.97,0.97
1,0.97,0.97
1,0.97,0.97
1,0.97,0.97
1,0.97,0.97
1,0.97,0.97
1,0.97,0.97
1,0.97,0.97
1,0.97,0.97
1,0.97,0.97
1,0.97,0.97
1,0.97,0.97
1,0.97,0.97
1,0.97,0.97
1,0.97,0.97
1,0.97,0.97
1,0.97,0.97
1,0.97,0.97
1,0.97,0.97
1,0.97,0.97
1,0.97,0.97
1,0.97,0.97
1,0.97,0.97
1,0.97,0.98
1,0.97,0.97
1,0.97,0.97
1,0.97,0.98
1,0.97,0.97
1,0.97,0.97
1,0.97,0.97
1,0.97,0.97
1,0.97,0.97
1,0.97,0.97
1,0.97,0.97
1,0.97,0.97
1,0.97,0.97
1,0.97,0.97
1,0.97,0.97
1,0.97,0.97
1,0.97,0.97
1,0.97,0.97
1,0.97,0.97
1,0.97,0.97
1,0.97,0.97
1,0.97,0.97
1,0.97,0.97
1,0.98,0.97
1,0.97,0.97
1,0.97,0.97
1,0.97,0.97
1,0.97,0.97
1,0.97,0.97
1,0.97,0.97
1,0.97,0.97
1,0.97,0.97
1,0.97,0.97
1,0.97,0.97
1,0.97,0.98
1,0.97,0.97
1,0.97,0.97
1,0.97,0.97
1,0.97,0.97
1,0.97,0.97
1,0.97,0.98
1,0.97,0.97
1,0.97,0.98
1,0.97,0.97
1,0.97,0.97
1,0.97,0.98
1,0.97,0.97
1,0.97,0.97
1,0.97,0.97
1,0.97,0.97
1,0.97,0.97
1,0.97,0.97
1,0.97,0.97
1,0.97,0.97
1,0.97,0.97
1,0.97,0.97
1,0.97,0.97
1,0.97,0.97
1,0.97,0.97
1,0.97,0.97
1,0.97,0.97
1,0.97,0.97
1,0.97,0.97
1,0.97,0.97
1,0.97,0.97
1,0.97,0.97
1,0.97,0.97
1,0.97,0.97
1,0.97,0.98
1,0.97,0.97
1,0.97,0.97
1,0.97,0.97
1,0.97,0.97
1,0.97,0.97
1,0.97,0.98
1,0.97,0.97
1,0.97,0.97
1,0.97,0.97
1,0.97,0.97
1,0.97,0.97
1,0.97,0.97
1,0.97,0.97
1,0.97,0.97
1,0.97,0.97
1,0.97,0.97
1,0.97,0.98
1,0.97,0.97
1,0.97,0.97
1,0.97,0.97
1,0.97,0.98
1,0.97,0.97
1,0.97,0.97
1,0.97,0.97
1,0.97,0.97
1,0.97,0.97
1,0.97,0.97
1,0.97,0.97
1,0.97,0.97
1,0.97,0.97
1,0.97,0.97
1,0.97,0.98
1,0.97,0.97
1,0.97,0.97
1,0.97,0.97
1,0.97,0.97
1,0.97,0.97
1,0.97,0.98
1,0.97,0.97
1,0.97,0.97
1,0.97,0.97
1,0.97,0.97
1,0.97,0.97
1,0.97,0.97
1,0.97,0.97
1,0.97,0.97
1,0.97,0.97
1,0.97,0.97
1,0.97,0.97
1,0.97,0.97
1,0.97,0.97
1,0.97,0.98
1,0.97,0.97
1,0.97,0.98
1,0.97,0.97
1,0.97,0.98
1,0.97,0.97
1,0.97,0.97
1,0.97,0.97
1,0.97,0.97
1,0.97,0.97
1,0.97,0.97
1,0.97,0.97
1,0.97,0.97
1,0.98,0.97
1,0.97,0.97
1,0.97,0.97
1,0.97,0.97
1,0.97,0.98
1,0.97,0.97
1,0.97,0.97
1,0.98,0.97
1,0.97,0.97
1,0.97,0.97
1,0.97,0.97
1,0.97,0.98
1,0.97,0.98
1,0.97,0.97
1,0.97,0.97
1,0.97,0.97
1,0.97,0.97
1,0.97,0.98
1,0.97,0.97
1,0.97,0.97
1,0.97,0.97
1,0.97,0.97
1,0.97,0.97
1,0.97,0.97
1,0.97,0.97
1,0.97,0.97
1,0.97,0.97
1,0.97,0.97
1,0.97,0.97
1,0.97,0.98
1,0.97,0.97
1,0.97,0.97
1,0.97,0.97
1,0.97,0.98
1,0.97,0.97
1,0.97,0.97
1,0.97,0.97
1,0.97,0.97
1,0.97,0.97
1,0.97,0.97
1,0.97,0.97
1,0.97,0.97
1,0.97,0.97
1,0.97,0.97
1,0.97,0.98
1,0.97,0.97
1,0.97,0.98
1,0.97,0.97
1,0.97,0.97
1,0.97,0.97
1,0.97,0.97
1,0.97,0.97
1,0.97,0.97
1,0.97,0.97
1,0.97,0.97
1,0.97,0.98
1,0.97,0.97
1,0.97,0.98
1,0.97,0.97
1,0.97,0.97
1,0.97,0.97
1,0.97,0.97
1,0.97,0.97
1,0.97,0.97
1,0.97,0.97
1,0.97,0.97
1,0.97,0.97
1,0.97,0.97
1,0.97,0.97
1,0.97,0.97
1,0.97,0.98
1,0.97,0.97
1,0.97,0.97
1,0.97,0.97
1,0.97,0.97
1,0.97,0.97
1,0.98,0.97
1,0.97,0.97
1,0.97,0.97
1,0.97,0.97
1,0.97,0.97
1,0.97,0.97
1,0.97,0.97
1,0.97,0.97
1,0.97,0.98
1,0.97,0.97
1,0.97,0.97
1,0.97,0.97
1,0.97,0.97
1,0.97,0.97
1,0.97,0.97
1,0.97,0.97
1,0.97,0.97
1,0.97,0.97
1,0.97,0.97
1,0.97,0.97
1,0.97,0.97
1,0.97,0.97
1,0.97,0.97
1,0.97,0.97
1,0.97,0.97
1,0.98,0.97
1,0.97,0.97
1,0.97,0.97
1,0.97,0.97
1,0.97,0.97
1,0.97,0.97
1,0.97,0.97
1,0.97,0.97
1,0.97,0.98
1,0.97,0.97
1,0.97,0.98
1,0.97,0.97
1,0.97,0.98
1,0.97,0.97
1,0.97,0.97
1,0.97,0.97
1,0.97,0.97
1,0.97,0.97
1,0.97,0.98
1,0.97,0.97
1,0.97,0.97
1,0.97,0.97
1,0.97,0.97
1,0.97,0.97
1,0.97,0.98
1,0.98,0.97
1,0.97,0.97
1,0.97,0.97
1,0.97,0.97
1,0.97,0.97
1,0.97,0.97
1,0.97,0.97
1,0.97,0.97
1,0.97,0.98
1,0.97,0.97
1,0.98,0.97
1,0.97,0.97
1,0.97,0.97
1,0.97,0.97
1,0.97,0.97
1,0.97,0.97
1,0.97,0.97
1,0.97,0.98
1,0.97,0.97
1,0.97,0.97
1,0.97,0.97
1,0.97,0.97
1,0.97,0.97
1,0.97,0.97
1,0.97,0.97
1,0.97,0.97
1,0.97,0.97
1,0.97,0.98
1,0.97,0.98
1,0.97,0.97
1,0.97,0.98
1,0.97,0.97
1,0.97,0.98
1,0.97,0.97
1,0.97,0.98
1,0.97,0.97
1,0.97,0.98
1,0.97,0.97
1,0.97,0.97
1,0.97,0.97
1,0.97,0.97
1,0.97,0.97
1,0.98,0.97
1,0.97,0.97
1,0.97,0.97
1,0.97,0.97
1,0.97,0.97
1,0.97,0.97
1,0.97,0.97
1,0.97,0.97
1,0.97,0.97
1,0.98,0.97
1,0.97,0.97
1,0.97,0.97
1,0.97,0.97
1,0.97,0.98
1,0.97,0.97
1,0.97,0.97
1,0.97,0.97
1,0.97,0.97
1,0.97,0.97
1,0.97,0.97
1,0.97,0.97
1,0.97,0.97
1,0.97,0.97
1,0.97,0.97
1,0.97,0.97
1,0.97,0.97
1,0.97,0.97
1,0.97,0.97
1,0.97,0.97
1,0.97,0.98
1,0.97,0.98
1,0.97,0.97
1,0.97,0.97
1,0.97,0.97
1,0.97,0.97
1,0.97,0.97
1,0.97,0.97
1,0.97,0.97
1,0.97,0.97
1,0.97,0.97
1,0.97,0.97
1,0.97,0.97
1,0.97,0.97
1,0.97,0.97
1,0.97,0.98
1,0.97,0.97
1,0.97,0.97
1,0.97,0.97
1,0.97,0.97
1,0.97,0.97
1,0.97,0.97
1,0.97,0.97
1,0.97,0.97
1,0.97,0.98
1,0.97,0.97
1,0.97,0.97
1,0.97,0.97
1,0.97,0.98
1,0.97,0.97
1,0.97,0.97
1,0.97,0.98
1,0.97,0.97
1,0.97,0.97
1,0.97,0.97
1,0.97,0.97
1,0.97,0.98
1,0.97,0.98
1,0.97,0.97
1,0.97,0.97
1,0.97,0.97
1,0.97,0.97
1,0.97,0.97
1,0.97,0.97
1,0.97,0.97
1,0.97,0.97
1,0.97,0.97
1,0.97,0.97
1,0.97,0.98
1,0.97,0.97
1,0.97,0.97
1,0.97,0.97
1,0.97,0.98
1,0.97,0.97
1,0.97,0.97
1,0.97,0.98
1,0.97,0.97
1,0.97,0.97
1,0.97,0.98
1,0.97,0.97
1,0.97,0.97
1,0.97,0.98
1,0.97,0.97
1,0.97,0.97
1,0.97,0.97
1,0.97,0.97
1,0.97,0.98
1,0.97,0.97
1,0.97,0.97
1,0.97,0.97
1,0.97,0.97
1,0.97,0.97
1,0.97,0.97
1,0.97,0.97
1,0.97,0.97
1,0.97,0.97
1,0.97,0.97
1,0.97,0.97
1,0.97,0.97
1,0.97,0.97
1,0.97,0.97
1,0.97,0.97
1,0.97,0.97
1,0.97,0.97
1,0.97,0.98
1,0.97,0.97
1,0.97,0.97
1,0.97,0.97
1,0.97,0.98
1,0.97,0.97
1,0.97,0.98
1,0.97,0.97
1,0.97,0.97
1,0.97,0.97
1,0.98,0.97
1,0.97,0.97
1,0.97,0.98
1,0.97,0.98
1,0.97,0.98
1,0.97,0.97
1,0.97,0.98
1,0.97,0.97
1,0.97,0.97
1,0.97,0.97
1,0.97,0.97
1,0.97,0.97
1,0.97,0.97
1,0.97,0.97
1,0.97,0.97
1,0.97,0.97
1,0.97,0.97
1,0.97,0.97
1,0.97,0.97
1,0.97,0.97
1,0.97,0.97
1,0.97,0.97
1,0.97,0.97
1,0.97,0.97
1,0.97,0.97
1,0.97,0.97
1,0.97,0.97
1,0.97,0.97
1,0.97,0.97
1,0.97,0.97
1,0.97,0.97
1,0.97,0.97
1,0.97,0.98
1,0.97,0.97
1,0.97,0.97
1,0.97,0.97
1,0.97,0.97
1,0.97,0.97
1,0.97,0.97
1,0.97,0.97
1,0.97,0.97
1,0.97,0.97
1,0.97,0.97
1,0.97,0.97
1,0.97,0.97
1,0.97,0.97
1,0.97,0.97
1,0.97,0.97
1,0.97,0.97
1,0.97,0.97
1,0.97,0.97
1,0.97,0.97
1,0.97,0.97
1,0.98,0.97
1,0.98,0.97
1,0.97,0.97
1,0.97,0.97
1,0.97,0.97
1,0.97,0.97
1,0.98,0.97
1,0.97,0.97
1,0.97,0.97
1,0.97,0.98
1,0.97,0.97
1,0.97,0.97
1,0.97,0.97
1,0.97,0.97
1,0.97,0.97
1,0.97,0.97
1,0.97,0.97
1,0.97,0.97
1,0.97,0.97
1,0.97,0.97
1,0.97,0.97
1,0.97,0.97
1,0.97,0.97
1,0.97,0.97
1,0.98,0.98
1,0.97,0.97
1,0.97,0.97
1,0.97,0.97
1,0.97,0.97
1,0.97,0.97
1,0.97,0.97
1,0.97,0.97
1,0.97,0.97
1,0.97,0.97
1,0.97,0.97
1,0.97,0.97
1,0.97,0.97
1,0.97,0.97
1,0.97,0.97
1,0.97,0.97
1,0.97,0.97
1,0.97,0.97
1,0.97,0.97
1,0.97,0.97
1,0.97,0.98
1,0.98,0.97
1,0.97,0.97
1,0.97,0.97
1,0.97,0.97
1,0.97,0.97
1,0.97,0.97
1,0.97,0.98
1,0.97,0.97
1,0.97,0.98
1,0.97,0.97
1,0.97,0.97
1,0.97,0.97
1,0.97,0.97
1,0.97,0.97
1,0.97,0.97
1,0.97,0.98
1,0.97,0.97
1,0.97,0.97
1,0.97,0.98
1,0.97,0.97
1,0.97,0.97
1,0.97,0.97
1,0.97,0.97
1,0.97,0.97
1,0.97,0.97
1,0.97,0.97
1,0.97,0.97
1,0.97,0.97
1,0.97,0.97
1,0.97,0.97
1,0.97,0.97
1,0.97,0.97
1,0.97,0.98
1,0.97,0.97
1,0.97,0.98
1,0.97,0.97
1,0.97,0.97
1,0.97,0.97
1,0.98,0.97
1,0.97,0.97
1,0.97,0.97
1,0.97,0.97
1,0.97,0.97
1,0.97,0.97
1,0.97,0.98
1,0.97,0.98
1,0.97,0.97
1,0.97,0.97
1,0.97,0.97
1,0.97,0.97
1,0.97,0.97
1,0.97,0.97
1,0.97,0.97
1,0.97,0.97
1,0.97,0.97
1,0.97,0.97
1,0.97,0.97
1,0.97,0.97
1,0.97,0.97
1,0.97,0.97
1,0.97,0.97
1,0.97,0.97
1,0.97,0.97
1,0.98,0.97
1,0.97,0.97
1,0.97,0.97
1,0.97,0.97
1,0.97,0.97
1,0.97,0.97
1,0.97,0.98
1,0.97,0.97
1,0.97,0.97
1,0.97,0.97
1,0.97,0.97
1,0.97,0.97
1,0.97,0.97
1,0.97,0.97
1,0.97,0.97
1,0.97,0.97
1,0.97,0.97
1,0.97,0.97
1,0.97,0.97
1,0.97,0.97
2,0.97,0.97
2,0.97,0.97
2,0.97,0.97
2,0.97,0.97
2,0.97,0.97
2,0.97,0.97
2,0.97,0.97
2,0.97,0.97
2,0.97,0.97
2,0.97,0.97
2,0.97,0.97
2,0.97,0.97
2,0.97,0.98
2,0.97,0.97
2,0.97,0.98
2,0.97,0.97
2,0.97,0.97
2,0.97,0.97
2,0.97,0.97
2,0.97,0.97
2,0.97,0.97
2,0.97,0.97
2,0.97,0.97
2,0.97,0.97
2,0.97,0.97
2,0.97,0.97
2,0.97,0.97
2,0.97,0.97
2,0.97,0.97
2,0.97,0.97
2,0.97,0.97
2,0.97,0.97
2,0.97,0.97
2,0.97,0.97
2,0.97,0.97
2,0.97,0.97
2,0.97,0.97
2,0.97,0.97
2,0.97,0.97
2,0.97,0.97
2,0.97,0.97
2,0.97,0.98
2,0.97,0.97
2,0.97,0.97
2,0.97,0.97
2,0.97,0.97
2,0.97,0.98
2,0.97,0.97
2,0.97,0.97
2,0.97,0.97
2,0.97,0.97
2,0.97,0.97
2,0.97,0.97
2,0.97,0.98
2,0.97,0.97
2,0.97,0.97
2,0.97,0.97
2,0.97,0.97
2,0.97,0.97
2,0.97,0.97
2,0.97,0.97
2,0.97,0.97
2,0.97,0.97
2,0.97,0.97
2,0.97,0.97
2,0.97,0.97
2,0.97,0.97
2,0.97,0.97
2,0.97,0.98
2,0.97,0.97
2,0.97,0.97
2,0.97,0.97
2,0.97,0.97
2,0.97,0.97
2,0.97,0.97
2,0.97,0.97
2,0.97,0.97
2,0.97,0.97
2,0.97,0.97
2,0.97,0.98
2,0.97,0.97
2,0.97,0.97
2,0.97,0.97
2,0.97,0.97
2,0.97,0.97
2,0.97,0.97
2,0.97,0.97
2,0.97,0.97
2,0.97,0.97
2,0.97,0.97
2,0.97,0.97
2,0.97,0.97
2,0.97,0.97
2,0.97,0.97
2,0.97,0.98
2,0.97,0.97
2,0.97,0.97
2,0.97,0.97
2,0.97,0.97
2,0.97,0.97
2,0.97,0.97
2,0.97,0.97
2,0.97,0.97
2,0.97,0.97
2,0.97,0.97
2,0.97,0.98
2,0.97,0.97
2,0.97,0.97
2,0.97,0.97
2,0.97,0.97
2,0.97,0.98
2,0.97,0.98
2,0.97,0.97
2,0.97,0.97
2,0.97,0.97
2,0.97,0.97
2,0.97,0.97
2,0.97,0.97
2,0.97,0.97
2,0.97,0.97
2,0.97,0.97
2,0.97,0.97
2,0.97,0.97
2,0.97,0.97
2,0.97,0.97
2,0.97,0.97
2,0.97,0.97
2,0.97,0.97
2,0.97,0.97
2,0.97,0.97
2,0.97,0.97
2,0.97,0.97
2,0.97,0.97
2,0.97,0.97
2,0.97,0.97
2,0.97,0.97
2,0.97,0.97
2,0.97,0.97
2,0.97,0.97
2,0.97,0.97
2,0.97,0.97
2,0.97,0.97
2,0.97,0.97
2,0.97,0.97
2,0.97,0.97
2,0.97,0.97
2,0.97,0.97
2,0.97,0.97
2,0.97,0.97
2,0.97,0.97
2,0.97,0.97
2,0.97,0.97
2,0.97,0.97
2,0.97,0.97
2,0.97,0.97
2,0.97,0.97
2,0.97,0.97
2,0.97,0.97
2,0.97,0.97
2,0.97,0.97
2,0.97,0.97
2,0.97,0.97
2,0.98,0.97
2,0.97,0.97
2,0.97,0.97
2,0.97,0.97
2,0.97,0.97
2,0.97,0.97
2,0.97,0.97
2,0.97,0.97
2,0.97,0.97
2,0.97,0.97
2,0.97,0.97
2,0.97,0.97
2,0.97,0.97
2,0.97,0.98
2,0.97,0.97
2,0.97,0.97
2,0.97,0.97
2,0.97,0.98
2,0.97,0.97
2,0.97,0.97
2,0.97,0.97
2,0.97,0.97
2,0.97,0.97
2,0.97,0.97
2,0.97,0.98
2,0.97,0.97
2,0.97,0.97
2,0.97,0.97
2,0.97,0.97
2,0.97,0.97
2,0.97,0.97
2,0.97,0.97
2,0.97,0.97
2,0.97,0.97
2,0.97,0.98
2,0.97,0.97
2,0.97,0.97
2,0.97,0.97
2,0.97,0.97
2,0.97,0.97
2,0.97,0.97
2,0.97,0.97
2,0.97,0.97
2,0.97,0.97
2,0.97,0.97
2,0.97,0.97
2,0.97,0.97
2,0.97,0.97
2,0.97,0.97
2,0.97,0.98
2,0.97,0.97
2,0.97,0.97
2,0.97,0.97
2,0.97,0.97
2,0.97,0.97
2,0.97,0.97
2,0.97,0.97
2,0.97,0.97
2,0.97,0.97
2,0.97,0.97
2,0.97,0.97
2,0.97,0.97
2,0.97,0.97
2,0.97,0.97
2,0.97,0.97
2,0.97,0.97
2,0.98,0.97
2,0.97,0.97
2,0.97,0.97
2,0.97,0.97
2,0.97,0.97
2,0.98,0.97
2,0.97,0.97
2,0.97,0.97
2,0.97,0.97
2,0.97,0.97
2,0.97,0.97
2,0.97,0.97
2,0.97,0.97
2,0.97,0.97
2,0.97,0.97
2,0.97,0.97
2,0.97,0.97
2,0.97,0.97
2,0.97,0.98
2,0.97,0.97
2,0.97,0.97
2,0.97,0.97
2,0.97,0.97
2,0.97,0.97
2,0.97,0.97
2,0.97,0.97
2,0.97,0.97
2,0.97,0.97
2,0.97,0.97
2,0.97,0.97
2,0.97,0.97
2,0.97,0.97
2,0.97,0.97
2,0.97,0.97
2,0.97,0.97
2,0.97,0.97
2,0.97,0.97
2,0.97,0.97
2,0.97,0.97
2,0.97,0.98
2,0.97,0.97
2,0.97,0.97
2,0.97,0.97
2,0.97,0.97
2,0.97,0.98
2,0.97,0.97
2,0.97,0.97
2,0.97,0.98
2,0.97,0.97
2,0.97,0.97
2,0.97,0.97
2,0.97,0.97
2,0.97,0.97
2,0.97,0.97
2,0.97,0.97
2,0.97,0.97
2,0.98,0.97
2,0.97,0.97
2,0.97,0.98
2,0.97,0.97
2,0.97,0.97
2,0.97,0.97
2,0.97,0.97
2,0.97,0.97
2,0.97,0.97
2,0.97,0.97
2,0.97,0.97
2,0.97,0.97
2,0.97,0.97
2,0.97,0.97
2,0.97,0.97
2,0.97,0.97
2,0.97,0.97
2,0.97,0.97
2,0.97,0.97
2,0.97,0.97
2,0.97,0.97
2,0.97,0.97
2,0.97,0.98
2,0.97,0.97
2,0.97,0.98
2,0.97,0.97
2,0.97,0.97
2,0.97,0.97
2,0.97,0.97
2,0.97,0.97
2,0.97,0.97
2,0.97,0.97
2,0.97,0.97
2,0.97,0.97
2,0.97,0.97
2,0.97,0.97
2,0.97,0.98
2,0.97,0.97
2,0.97,0.97
2,0.97,0.97
2,0.97,0.97
2,0.97,0.97
2,0.97,0.97
2,0.97,0.97
2,0.97,0.97
2,0.97,0.97
2,0.97,0.97
2,0.97,0.97
2,0.97,0.97
2,0.97,0.97
2,0.97,0.97
2,0.97,0.97
2,0.97,0.97
2,0.97,0.97
2,0.97,0.97
2,0.97,0.97
2,0.97,0.97
2,0.97,0.97
2,0.97,0.97
2,0.97,0.97
2,0.97,0.97
2,0.97,0.97
2,0.97,0.98
2,0.97,0.97
2,0.97,0.97
2,0.97,0.97
2,0.97,0.97
2,0.97,0.97
2,0.97,0.97
2,0.97,0.97
2,0.97,0.97
2,0.97,0.97
2,0.97,0.97
2,0.97,0.97
2,0.97,0.97
2,0.97,0.97
2,0.97,0.97
2,0.97,0.97
2,0.97,0.97
2,0.97,0.97
2,0.97,0.97
2,0.97,0.97
2,0.97,0.97
2,0.97,0.97
2,0.97,0.97
2,0.97,0.97
2,0.97,0.97
2,0.97,0.98
2,0.97,0.97
2,0.97,0.97
2,0.97,0.97
2,0.97,0.97
2,0.97,0.97
2,0.97,0.97
2,0.98,0.97
2,0.97,0.97
2,0.97,0.97
2,0.97,0.97
2,0.97,0.97
2,0.97,0.97
2,0.97,0.98
2,0.97,0.97
2,0.97,0.97
2,0.97,0.97
2,0.97,0.98
2,0.97,0.97
2,0.97,0.97
2,0.97,0.98
2,0.97,0.97
2,0.97,0.97
2,0.97,0.98
2,0.97,0.97
2,0.97,0.97
2,0.97,0.97
2,0.97,0.97
2,0.97,0.97
2,0.97,0.97
2,0.97,0.97
2,0.97,0.97
2,0.97,0.97
2,0.97,0.97
2,0.97,0.97
2,0.97,0.97
2,0.97,0.97
2,0.98,0.97
2,0.97,0.97
2,0.97,0.97
2,0.97,0.97
2,0.97,0.97
2,0.97,0.97
2,0.97,0.97
2,0.97,0.97
2,0.97,0.97
2,0.97,0.97
2,0.97,0.97
2,0.97,0.98
2,0.97,0.97
2,0.97,0.97
2,0.97,0.97
2,0.97,0.97
2,0.97,0.97
2,0.97,0.97
2,0.97,0.97
2,0.97,0.97
2,0.97,0.97
2,1.24,0.97
2,1.97,0.97
2,1.96,0.97
2,1.96,0.97
2,1.96,0.97
2,1.97,0.97
2,1.97,0.97
2,1.96,0.97
2,1.97,0.97
2,1.96,0.97
2,1.97,0.97
2,1.96,0.97
2,1.96,0.98
2,1.96,0.97
2,1.96,0.98
2,1.96,0.97
2,1.96,0.97
2,1.96,0.97
2,1.96,0.97
2,1.96,0.97
2,1.97,0.97
2,1.96,0.97
2,1.97,0.97
2,1.96,0.97
2,1.96,0.97
2,1.96,0.97
2,1.96,0.97
2,1.97,0.98
2,1.97,0.97
2,1.97,0.97
2,1.97,0.97
2,1.96,0.97
2,1.96,0.97
2,1.96,0.98
2,1.96,0.97
2,1.96,0.97
2,1.96,0.97
2,1.96,0.97
2,1.96,0.97
2,1.96,0.97
2,1.96,0.97
2,1.96,0.97
2,1.97,0.97
2,1.96,0.97
2,1.97,0.97
2,1.96,0.97
2,1.96,0.97
2,1.96,0.97
2,1.97,0.97
2,1.96,0.97
2,1.96,0.97
2,1.97,0.97
2,1.97,0.97
2,1.96,0.97
2,1.96,0.98
2,1.96,0.97
2,1.96,0.97
2,1.96,0.97
2,1.96,0.97
2,1.97,0.97
2,1.96,0.97
2,1.97,0.97
2,1.97,0.97
2,1.96,0.97
2,1.96,0.97
2,1.96,0.97
2,1.96,0.97
2,1.96,0.97
2,1.96,0.97
2,1.97,0.97
2,1.96,0.97
2,1.96,0.97
2,1.96,0.97
2,1.97,0.97
2,1.97,0.97
2,1.96,0.97
2,1.96,0.97
2,1.97,0.97
2,1.96,0.98
2,1.96,0.97
2,1.96,0.97
2,1.96,0.97
2,1.97,0.97
2,1.96,0.97
2,1.96,0.97
2,1.96,0.97
2,1.96,0.97
2,1.96,0.98
2,1.97,0.97
2,1.96,0.97
2,1.97,0.97
2,1.96,0.97
2,1.97,0.97
2,1.96,0.97
2,1.97,0.97
2,1.96,0.97
2,1.96,0.97
2,1.96,0.97
2,1.96,0.97
2,1.96,0.97
2,1.96,0.97
2,1.96,0.97
2,1.96,0.97
2,1.96,0.97
2,1.97,0.97
2,1.97,0.97
2,1.96,0.97
2,1.96,0.97
2,1.97,0.97
2,1.97,0.97
2,1.96,0.97
2,1.96,0.97
2,1.96,0.97
2,1.96,0.97
2,1.96,0.97
2,1.96,0.97
2,1.97,0.97
2,1.97,0.97
2,1.97,0.97
2,1.96,0.97
2,1.97,0.97
2,1.96,0.97
2,1.96,0.97
2,1.96,0.97
2,1.96,0.97
2,1.96,0.97
2,1.96,0.97
2,1.96,0.97
2,1.97,0.97
2,1.96,0.97
2,1.97,0.97
2,1.96,0.97
2,1.96,0.97
2,1.96,0.97
2,1.96,0.97
2,1.96,0.97
2,1.96,0.97
2,1.96,0.97
2,1.96,0.97
2,1.96,0.97
2,1.97,0.97
2,1.96,0.97
2,1.97,0.97
2,1.96,0.97
2,1.96,0.97
2,1.97,0.97
2,1.97,0.97
2,1.96,0.97
2,1.96,0.97
2,1.96,0.97
2,1.96,0.97
2,1.97,0.97
2,1.96,0.97
2,1.96,0.97
2,1.96,0.97
2,1.97,0.97
2,1.96,0.97
2,1.97,0.97
2,1.96,0.98
2,1.96,0.97
2,1.97,0.97
2,1.97,0.97
2,1.96,0.97
2,1.97,0.97
2,1.96,0.97
2,1.96,0.97
2,1.97,0.97
2,1.96,0.97
2,1.96,0.97
2,1.97,0.97
2,1.97,0.97
2,1.96,0.97
2,1.97,0.97
2,1.96,0.97
2,1.96,0.97
2,1.96,0.97
2,1.96,0.98
2,1.96,0.97
2,1.96,0.97
2,1.96,0.97
2,1.96,0.97
2,1.96,0.97
2,1.96,0.97
2,1.97,0.97
2,1.96,0.97
2,1.96,0.97
2,1.96,0.98
2,1.96,0.97
2,1.96,0.97
2,1.96,0.97
2,1.97,0.97
2,1.96,0.97
2,1.96,0.97
2,1.96,0.97
2,1.97,0.97
2,1.97,0.97
2,1.97,0.97
2,1.96,0.97
2,1.97,0.97
2,1.96,0.97
2,1.96,0.97
2,1.96,0.97
2,1.96,0.97
2,1.96,0.97
2,1.96,0.97
2,1.96,0.97
2,1.96,0.97
2,1.96,0.97
2,1.96,0.97
2,1.96,0.97
2,1.96,0.97
2,1.97,0.97
2,1.96,0.97
2,1.97,0.97
2,1.96,0.97
2,1.96,0.97
2,1.96,0.97
2,1.96,0.97
2,1.96,0.97
2,1.97,0.97
2,1.96,1.92
2,1.96,1.97
2,1.97,1.97
2,1.96,1.97
2,1.96,1.97
2,1.97,1.97
2,1.96,1.97
2,1.96,1.97
2,1.96,1.97
2,1.96,1.97
2,1.97,1.97
2,1.96,1.97
2,1.96,1.97
2,1.97,1.97
2,1.96,1.97
2,1.96,1.97
2,1.97,1.97
2,1.96,1.97
2,1.96,1.97
2,1.96,1.97
2,1.97,1.97
2,1.96,1.97
2,1.97,1.97
2,1.97,1.97
2,1.96,1.97
2,1.96,1.97
2,1.97,1.97
2,1.96,1.97
2,1.97,1.97
2,1.96,1.97
2,1.96,1.97
2,1.96,1.97
2,1.97,1.97
2,1.96,1.97
2,1.96,1.97
2,1.96,1.97
2,1.96,1.97
2,1.97,1.97
2,1.97,1.97
2,1.96,1.97
2,1.97,1.97
2,1.97,1.97
2,1.97,1.97
2,1.96,1.97
2,1.96,1.97
2,1.96,1.97
2,1.97,1.97
2,1.96,1.97
2,1.96,1.97
2,1.97,1.97
2,1.96,1.97
2,1.96,1.97
2,1.96,1.97
2,1.97,1.97
2,1.97,1.97
2,1.97,1.97
2,1.96,1.97
2,1.96,1.97
2,1.96,1.97
2,1.96,1.97
2,1.96,1.97
2,1.97,1.97
2,1.97,1.97
2,1.97,1.97
2,1.97,1.97
2,1.96,1.97
2,1.97,1.97
2,1.97,1.97
2,1.97,1.97
2,1.96,1.97
2,1.96,1.97
2,1.96,1.97
2,1.97,1.97
2,1.96,1.97
2,1.96,1.97
2,1.97,1.97
2,1.97,1.97
2,1.96,1.97
2,1.96,1.97
2,1.96,1.97
2,1.97,1.97
2,1.96,1.97
2,1.96,1.97
2,1.97,1.97
2,1.96,1.97
2,1.96,1.97
2,1.96,1.97
2,1.97,1.97
2,1.96,1.97
2,1.96,1.97
2,1.97,1.97
2,1.96,1.97
2,1.96,1.97
2,1.97,1.97
2,1.97,1.97
2,1.97,1.97
2,1.97,1.97
2,1.96,1.97
2,1.96,1.97
2,1.96,1.97
2,1.97,1.97
2,1.97,1.97
2,1.97,1.97
2,1.97,1.97
2,1.96,1.97
2,1.96,1.97
2,1.97,1.97
2,1.97,1.97
2,1.97,1.97
2,1.96,1.97
2,1.96,1.97
2,1.97,1.97
2,1.96,1.97
2,1.96,1.97
2,1.97,1.97
2,1.96,1.97
2,1.97,1.97
2,1.97,1.97
2,1.96,1.97
2,1.96,1.97
2,1.96,1.97
2,1.96,1.97
2,1.96,1.97
2,1.97,1.97
2,1.96,1.97
2,1.96,1.97
2,1.96,1.97
2,1.96,1.97
2,1.97,1.97
2,1.96,1.97
2,1.96,1.97
2,1.96,1.97
2,1.97,1.97
2,1.97,1.97
2,1.97,1.97
2,1.97,1.97
2,1.96,1.97
2,1.97,1.97
2,1.96,1.97
2,1.96,1.97
2,1.97,1.97
2,1.96,1.97
2,1.96,1.97
2,1.96,1.97
2,1.96,1.97
2,1.97,1.97
2,1.97,1.97
2,1.96,1.97
2,1.96,1.97
2,1.97,1.97
2,1.96,1.97
2,1.97,1.97
2,1.96,1.97
2,1.97,1.97
2,1.96,1.97
2,1.96,1.97
2,1.96,1.97
2,1.96,1.97
2,1.97,1.97
2,1.96,1.97
2,1.97,1.97
2,1.97,1.97
2,1.96,1.97
2,1.97,1.97
2,1.96,1.97
2,1.96,1.96
2,1.96,1.97
2,1.96,1.97
2,1.96,1.97
2,1.96,1.97
2,1.97,1.97
2,1.96,1.97
2,1.96,1.97
2,1.96,1.97
2,1.96,1.97
2,1.97,1.97
2,1.97,1.97
2,1.96,1.97
2,1.96,1.97
2,1.97,1.97
2,1.97,1.97
2,1.96,1.97
2,1.97,1.97
2,1.96,1.97
2,1.97,1.97
2,1.96,1.97
2,1.96,1.97
2,1.96,1.97
2,1.96,1.97
2,1.97,1.97
2,1.96,1.97
2,1.97,1.97
2,1.96,1.97
2,1.97,1.97
2,1.96,1.97
2,1.96,1.97
2,1.97,1.97
2,1.97,1.97
2,1.96,1.97
2,1.97,1.97
2,1.96,1.97
2,1.97,1.97
2,1.96,1.97
2,1.96,1.97
2,1.97,1.97
2,1.96,1.97
2,1.97,1.97
2,1.96,1.97
2,1.96,1.97
2,1.96,1.97
2,1.96,1.97
2,1.96,1.97
2,1.96,1.97
2,1.96,1.97
2,1.96,1.97
2,1.97,1.97
2,1.97,1.97
2,1.96,1.97
2,1.97,1.97
2,1.96,1.97
2,1.97,1.97
2,1.97,1.97
2,1.97,1.97
2,1.96,1.97
2,1.96,1.97
2,1.97,1.97
2,1.97,1.97
2,1.96,1.97
2,1.96,1.97
2,1.97,1.97
2,1.96,1.97
2,1.96,1.97
2,1.96,1.97
2,1.96,1.97
2,1.96,1.97
2,1.96,1.97
2,1.96,1.97
2,1.96,1.97
2,1.97,1.97
2,1.97,1.97
2,1.96,1.97
2,1.96,1.97
2,1.96,1.97
2,1.97,1.97
2,1.96,1.97
2,1.96,1.97
2,1.96,1.97
2,1.96,1.97
2,1.97,1.97
2,1.97,1.97
2,1.96,1.97
2,1.97,1.97
2,1.97,1.97
2,1.96,1.97
2,1.96,1.97
2,1.96,1.97
2,1.96,1.97
2,1.96,1.97
2,1.97,1.97
2,1.96,1.97
2,1.96,1.97
2,1.97,1.97
2,1.96,1.97
2,1.97,1.97
2,1.96,1.97
2,1.96,1.97
2,1.97,1.97
2,1.96,1.96
2,1.97,1.97
2,1.96,1.97
2,1.96,1.97
2,1.97,1.97
2,1.97,1.97
2,1.96,1.97
2,1.96,1.97
2,1.97,1.97
2,1.96,1.97
2,1.96,1.97
2,1.96,1.97
2,1.96,1.97
2,1.96,1.97
2,1.96,1.97
2,1.96,1.97
2,1.97,1.97
2,1.96,1.97
2,1.96,1.97
2,1.97,1.97
2,1.96,1.97
2,1.96,1.97
2,1.97,1.97
2,1.96,1.97
2,1.96,1.97
2,1.96,1.97
2,1.96,1.97
2,1.96,1.97
2,1.96,1.97
2,1.96,1.97
2,1.97,1.97
2,1.97,1.97
2,1.96,1.97
2,1.96,1.97
2,1.97,1.97
2,1.97,1.97
2,1.97,1.97
2,1.97,1.97
2,1.96,1.97
2,1.96,1.97
2,1.96,1.97
2,1.97,1.97
2,1.96,1.97
2,1.96,1.97
2,1.96,1.97
2,1.96,1.97
2,1.97,1.97
2,1.97,1.97
2,1.96,1.97
2,1.97,1.97
2,1.96,1.97
2,1.96,1.97
2,1.96,1.97
2,1.97,1.97
2,1.97,1.97
2,1.96,1.97
2,1.97,1.97
2,1.96,1.97
2,1.96,1.97
2,1.96,1.97
2,1.96,1.97
2,1.96,1.97
2,1.97,1.97
2,1.96,1.97
2,1.96,1.97
2,1.96,1.97
2,1.96,1.97
2,1.96,1.97
2,1.97,1.97
2,1.96,1.97
2,1.96,1.97
2,1.97,1.97
2,1.97,1.97
2,1.97,1.97
2,1.96,1.97
2,1.97,1.97
2,1.96,1.97
2,1.96,1.97
2,1.96,1.97
2,1.96,1.97
2,1.97,1.97
2,1.97,1.97
2,1.96,1.97
2,1.96,1.97
3,1.96,1.97
3,1.97,1.97
3,1.96,1.97
3,1.97,1.97
3,1.96,1.97
3,1.97,1.97
3,1.96,1.97
3,1.96,1.97
3,1.97,1.97
3,1.96,1.97
3,1.96,1.97
3,1.97,1.97
3,1.96,1.97
3,1.96,1.97
3,1.97,1.97
3,1.96,1.97
3,1.97,1.97
3,1.96,1.97
3,1.97,1.97
3,1.96,1.97
3,1.96,1.97
3,1.97,1.97
3,1.97,1.97
3,1.96,1.97
3,1.96,1.97
3,1.96,1.97
3,1.97,1.97
3,1.96,1.97
3,1.97,1.97
3,1.97,1.97
3,1.96,1.97
3,1.97,1.97
3,1.97,1.97
3,1.97,1.97
3,1.96,1.97
3,1.96,1.97
3,1.96,1.97
3,1.96,1.97
3,1.96,1.97
3,1.97,1.97
3,1.97,1.97
3,1.97,1.97
3,1.96,1.97
3,1.96,1.97
3,1.97,1.97
3,1.97,1.97
3,1.96,1.97
3,1.96,1.97
3,1.97,1.97
3,1.96,1.97
3,1.97,1.97
3,1.96,1.97
3,1.97,1.97
3,1.97,1.97
3,1.97,1.97
3,1.96,1.97
3,1.96,1.97
3,1.97,1.97
3,1.96,1.97
3,1.97,1.97
3,1.96,1.97
3,1.97,1.97
3,1.97,1.97
3,1.97,1.97
3,1.97,1.97
3,1.96,1.97
3,1.97,1.97
3,1.96,1.97
3,1.97,1.97
3,1.96,1.97
3,1.96,1.97
3,1.97,1.97
3,1.96,1.97
3,1.97,1.97
3,1.97,1.97
3,1.97,1.97
3,1.96,1.97
3,1.97,1.97
3,1.96,1.97
3,1.96,1.97
3,1.96,1.97
3,1.97,1.97
3,1.96,1.97
3,1.96,1.97
3,1.96,1.97
3,1.96,1.97
3,1.96,1.97
3,1.97,1.97
3,1.96,1.97
3,1.96,1.97
3,1.96,1.97
3,1.96,1.97
3,1.97,1.97
3,1.96,1.97
3,1.96,1.97
3,1.97,1.97
3,1.96,1.97
3,1.96,1.97
3,1.96,1.97
3,1.96,1.97
3,1.97,1.97
3,1.97,1.97
3,1.97,1.97
3,1.96,1.97
3,1.97,1.97
3,1.97,1.97
3,1.96,1.97
3,1.97,1.97
3,1.96,1.97
3,1.97,1.97
3,1.96,1.97
3,1.97,1.97
3,1.97,1.97
3,1.97,1.97
3,1.96,1.97
3,1.97,1.97
3,1.96,1.97
3,1.97,1.97
3,1.97,1.97
3,1.96,1.97
3,1.97,1.97
3,1.97,1.97
3,1.96,1.97
3,1.96,1.97
3,1.96,1.97
3,1.96,1.97
3,1.96,1.97
3,1.97,1.97
3,1.97,1.97
3,1.96,1.97
3,1.97,1.97
3,1.97,1.97
3,1.97,1.97
3,1.96,1.97
3,1.97,1.97
3,1.96,1.97
3,1.96,1.97
3,1.96,1.97
3,1.96,1.96
3,1.97,1.97
3,1.97,1.97
3,1.96,1.97
3,1.97,1.97
3,1.97,1.97
3,1.97,1.97
3,1.97,1.97
3,1.96,1.97
3,1.97,1.97
3,1.96,1.97
3,1.97,1.97
3,1.96,1.97
3,1.96,1.97
3,1.97,1.97
3,1.96,1.97
3,1.97,1.97
3,1.96,1.97
3,1.96,1.97
3,1.97,1.97
3,1.97,1.97
3,1.96,1.97
3,1.97,1.97
3,1.97,1.97
3,1.96,1.97
3,1.96,1.97
3,1.96,1.97
3,1.97,1.97
3,1.96,1.97
3,1.96,1.97
3,1.97,1.97
3,1.96,1.97
3,1.96,1.97
3,1.96,1.97
3,1.96,1.97
3,1.96,1.97
3,1.96,1.97
3,1.96,1.97
3,1.97,1.97
3,1.97,1.97
3,1.96,1.97
3,1.97,1.97
3,1.97,1.97
3,1.96,1.97
3,1.96,1.97
3,1.96,1.97
3,1.97,1.97
3,1.97,1.97
3,1.96,1.97
3,1.97,1.97
3,1.97,1.97
3,1.96,1.97
3,1.96,1.97
3,1.96,1.97
3,1.96,1.97
3,1.97,1.97
3,1.96,1.97
3,1.96,1.97
3,1.96,1.97
3,1.97,1.97
3,1.96,1.97
3,1.96,1.97
3,1.96,1.97
3,1.96,1.97
3,1.96,1.97
3,1.97,1.97
3,1.97,1.97
3,1.96,1.97
3,1.96,1.97
3,1.96,1.97
3,1.96,1.97
3,1.97,1.97
3,1.97,1.97
3,1.96,1.97
3,1.96,1.97
3,1.96,1.97
3,1.97,1.97
3,1.96,1.97
3,1.97,1.97
3,1.96,1.97
3,1.96,1.97
3,1.97,1.97
3,1.97,1.97
3,1.96,1.97
3,1.96,1.97
3,1.96,1.97
3,1.97,1.97
3,1.96,1.96
3,1.97,1.97
3,1.97,1.97
3,1.96,1.97
3,1.97,1.97
3,1.96,1.97
3,1.97,1.97
3,1.96,1.97
3,1.96,1.97
3,1.97,1.97
3,1.96,1.97
3,1.96,1.97
3,1.97,1.97
3,1.96,1.97
3,1.96,1.97
3,1.96,1.97
3,1.96,1.97
3,1.96,1.97
3,1.96,1.97
3,1.97,1.97
3,1.96,1.97
3,1.97,1.97
3,1.96,1.97
3,1.97,1.97
3,1.97,1.97
3,1.96,1.97
3,1.97,1.97
3,1.97,1.97
3,1.97,1.97
3,1.97,1.97
3,1.96,1.97
3,1.97,1.97
3,1.96,1.97
3,1.97,1.97
3,1.96,1.97
3,1.96,1.97
3,1.96,1.97
3,1.97,1.97
3,1.96,1.97
3,1.97,1.97
3,1.96,1.97
3,1.97,1.97
3,1.96,1.97
3,1.97,1.97
3,1.97,1.97
3,1.96,1.97
3,1.96,1.97
3,1.97,1.97
3,1.96,1.97
3,1.96,1.97
3,1.96,1.97
3,1.96,1.97
3,1.97,1.97
3,1.97,1.97
3,1.97,1.97
3,1.96,1.97
3,1.96,1.97
3,1.97,1.97
3,1.97,1.97
3,1.96,1.97
3,1.96,1.97
3,1.96,1.97
3,1.97,1.97
3,1.96,1.97
3,1.96,1.97
3,1.97,1.97
3,1.96,1.97
3,1.96,1.97
3,1.96,1.97
3,1.96,1.97
3,1.96,1.97
3,1.97,1.97
3,1.97,1.97
3,1.96,1.97
3,1.96,1.97
3,1.96,1.97
3,1.96,1.97
3,1.97,1.97
3,1.97,1.97
3,1.96,1.97
3,1.96,1.97
3,1.96,1.97
3,1.97,1.97
3,1.97,1.97
3,1.97,1.97
3,1.97,1.97
3,1.97,1.97
3,1.96,1.97
3,1.96,1.97
3,1.96,1.97
3,1.97,1.97
3,1.96,1.97
3,1.96,1.97
3,1.96,1.97
3,1.97,1.97
3,1.96,1.97
3,1.96,1.97
3,1.96,1.97
3,1.97,1.97
3,1.96,1.97
3,1.96,1.97
3,1.96,1.97
3,1.97,1.97
3,1.97,1.97
3,1.96,1.97
3,1.96,1.97
3,1.97,1.97
3,1.97,1.97
3,1.96,1.97
3,1.97,1.97
3,1.96,1.97
3,1.97,1.97
3,1.96,1.97
3,1.97,1.97
3,1.96,1.97
3,1.97,1.97
3,1.96,1.97
3,1.97,1.97
3,1.96,1.97
3,1.97,1.97
3,1.96,1.97
3,1.96,1.97
3,1.96,1.97
3,1.96,1.97
3,1.97,1.97
3,1.96,1.97
3,1.97,1.97
3,1.97,1.97
3,1.96,1.97
3,1.97,1.97
3,1.97,1.97
3,1.97,1.97
3,1.97,1.97
3,1.96,1.97
3,1.96,1.97
3,1.96,1.97
3,1.96,1.97
3,1.97,1.97
3,1.96,1.97
3,1.97,1.97
3,1.97,1.97
3,1.96,1.97
3,1.97,1.97
3,1.96,1.97
3,1.96,1.97
3,1.97,1.97
3,1.97,1.97
3,1.96,1.97
3,1.96,1.97
3,1.96,1.97
3,1.97,1.97
3,1.97,1.97
3,1.96,1.97
3,1.97,1.97
3,1.96,1.97
3,1.96,1.97
3,1.96,1.97
3,1.96,1.97
3,1.96,1.97
3,1.96,1.97
3,1.96,1.97
3,1.97,1.97
3,1.96,1.97
3,1.96,1.97
3,1.97,1.97
3,1.97,1.97
3,1.96,1.97
3,1.96,1.97
3,1.97,1.97
3,1.96,1.97
3,1.97,1.97
3,1.96,1.97
3,1.97,1.97
3,1.96,1.97
3,1.96,1.97
3,1.96,1.97
3,1.97,1.97
3,1.96,1.97
3,1.97,1.97
3,1.97,1.97
3,1.96,1.97
3,1.96,1.97
3,1.96,1.97
3,1.97,1.97
3,1.96,1.97
3,1.96,1.97
3,1.97,1.97
3,1.97,1.97
3,1.96,1.97
3,1.96,1.97
3,1.97,1.97
3,1.97,1.97
3,1.96,1.97
3,1.96,1.97
3,1.97,1.97
3,1.97,1.97
3,1.97,1.97
3,1.97,1.97
3,1.96,1.97
3,1.96,1.97
3,1.96,1.97
3,1.96,1.97
3,1.96,1.97
3,1.97,1.97
3,1.97,1.97
3,1.96,1.97
3,1.96,1.97
3,1.97,1.97
3,1.96,1.97
3,1.97,1.97
3,1.96,1.97
3,1.96,1.97
3,1.97,1.97
3,1.97,1.97
3,1.97,1.97
3,1.96,1.97
3,1.96,1.97
3,1.96,1.97
3,1.96,1.97
3,1.96,1.97
3,1.96,1.97
3,1.97,1.97
3,1.96,1.97
3,1.96,1.96
3,1.96,1.97
3,1.97,1.97
3,1.97,1.97
3,1.97,1.97
3,1.96,1.97
3,1.97,1.97
3,1.97,1.97
3,1.96,1.97
3,1.97,1.97
3,1.96,1.97
3,1.97,1.97
3,1.97,1.97
3,1.96,1.97
3,1.97,1.97
3,1.96,1.97
3,1.96,1.97
3,1.96,1.97
3,1.97,1.97
3,1.97,1.97
3,1.97,1.97
3,1.97,1.97
3,1.97,1.97
3,1.97,1.97
3,1.96,1.97
3,1.96,1.97
3,1.96,1.97
3,1.96,1.97
3,1.96,1.97
3,1.97,1.97
3,1.97,1.97
3,1.96,1.97
3,1.96,1.97
3,1.96,1.97
3,1.97,1.97
3,1.97,1.97
3,1.96,1.97
3,1.96,1.97
3,1.96,1.97
3,1.96,1.97
3,1.97,1.97
3,1.96,1.97
3,1.96,1.97
3,1.96,1.97
3,1.96,1.97
3,1.96,1.97
3,1.96,1.97
3,1.96,1.97
3,1.96,1.97
3,1.97,1.97
3,1.96,1.97
3,1.97,1.97
3,1.96,1.97
3,1.96,1.97
3,1.97,1.97
3,1.96,1.97
3,1.96,1.97
3,1.97,1.97
3,1.97,1.97
3,1.96,1.97
3,1.96,1.97
3,1.96,1.97
3,1.96,1.97
3,1.96,2.05
3,1.97,2.95
3,1.97,2.96
3,1.97,2.96
3,1.97,2.96
3,1.97,2.96
3,1.96,2.96
3,1.97,2.96
3,1.96,2.96
3,1.96,2.96
3,1.96,2.96
3,1.96,2.96
3,1.96,2.96
3,1.96,2.96
3,1.96,2.96
3,1.96,2.96
3,1.97,2.96
3,1.97,2.96
3,1.97,2.96
3,1.97,2.96
3,1.96,2.96
3,1.96,2.96
3,1.97,2.96
3,1.97,2.96
3,1.97,2.96
3,1.96,2.96
3,1.96,2.96
3,1.97,2.96
3,1.96,2.96
3,1.97,2.96
3,1.96,2.96
3,1.97,2.96
3,1.97,2.96
3,1.97,2.96
3,1.97,2.96
3,1.96,2.96
3,1.96,2.96
3,1.96,2.96
3,1.96,2.96
3,1.96,2.96
3,1.97,2.96
3,1.96,2.96
3,1.96,2.96
3,1.96,2.96
3,1.97,2.96
3,1.96,2.96
3,1.97,2.96
3,1.96,2.96
3,1.97,2.96
3,1.96,2.96
3,1.97,2.96
3,1.97,2.96
3,1.97,2.96
3,1.97,2.96
3,1.97,2.96
3,1.97,2.96
3,1.97,2.96
3,1.97,2.96
3,1.97,2.96
3,1.96,2.96
3,1.97,2.96
3,1.96,2.96
3,1.97,2.96
3,1.96,2.96
3,1.96,2.96
3,1.96,2.96
3,1.96,2.96
3,1.96,2.96
3,1.97,2.96
3,1.96,2.96
3,1.97,2.96
3,1.96,2.96
3,1.97,2.96
3,1.97,2.96
3,1.96,2.96
3,1.96,2.96
3,1.97,2.96
3,1.97,2.96
3,1.97,2.96
3,1.96,2.96
3,1.97,2.96
3,1.97,2.96
3,1.96,2.96
3,1.96,2.96
3,1.96,2.96
3,1.96,2.96
3,1.96,2.96
3,1.97,2.96
3,1.96,2.96
3,1.97,2.96
3,1.96,2.96
3,1.96,2.96
3,1.96,2.96
3,1.97,2.96
3,1.96,2.96
3,1.97,2.96
3,1.96,2.96
3,1.96,2.96
3,1.96,2.96
3,1.96,2.96
3,1.96,2.96
3,1.96,2.96
3,1.97,2.96
3,1.96,2.96
3,1.97,2.96
3,1.97,2.96
3,1.97,2.96
3,1.97,2.96
3,1.96,2.96
3,1.97,2.96
3,1.97,2.96
3,1.96,2.96
3,1.96,2.96
3,1.97,2.96
3,1.96,2.96
3,1.97,2.96
3,1.96,2.96
3,1.96,2.96
3,1.97,2.96
3,1.96,2.96
3,1.97,2.96
3,1.96,2.96
3,1.96,2.96
3,1.96,2.96
3,1.97,2.96
3,1.96,2.96
3,1.96,2.96
3,1.96,2.96
3,1.97,2.96
3,1.96,2.96
3,1.96,2.96
3,1.97,2.96
3,1.97,2.96
3,1.97,2.96
3,1.96,2.96
3,1.97,2.96
3,1.97,2.96
3,1.97,2.96
3,1.96,2.96
3,1.96,2.96
3,1.96,2.96
3,1.96,2.96
3,1.97,2.96
3,1.96,2.96
3,1.96,2.96
3,1.97,2.96
3,1.97,2.96
3,1.96,2.96
3,1.97,2.96
3,1.97,2.96
3,1.96,2.96
3,1.97,2.96
3,1.96,2.96
3,1.97,2.96
3,1.96,2.96
3,1.97,2.96
3,1.97,2.96
3,1.97,2.96
3,1.97,2.96
3,1.97,2.96
3,1.96,2.96
3,1.96,2.96
3,1.97,2.96
3,1.96,2.96
3,1.96,2.96
3,1.97,2.96
3,1.97,2.96
3,1.97,2.96
3,1.96,2.96
3,1.97,2.96
3,1.97,2.96
3,1.96,2.96
3,1.97,2.96
3,1.96,2.96
3,1.96,2.96
3,1.96,2.96
3,1.96,2.96
3,1.96,2.96
3,1.97,2.96
3,1.96,2.96
3,1.96,2.96
3,1.96,2.96
3,1.97,2.96
3,1.96,2.96
3,1.96,2.96
3,1.96,2.96
3,1.97,2.96
3,1.96,2.96
3,1.97,2.96
3,1.96,2.96
3,1.97,2.96
3,1.97,2.96
3,1.97,2.96
3,1.97,2.96
3,1.96,2.96
3,1.97,2.96
3,1.96,2.96
3,1.96,2.96
3,1.97,2.96
3,1.96,2.96
3,1.96,2.96
3,1.97,2.96
3,1.97,2.96
3,1.97,2.96
3,1.96,2.96
3,1.96,2.96
3,1.97,2.96
3,1.96,2.96
3,1.96,2.96
3,1.97,2.96
3,1.97,2.96
3,1.97,2.96
3,1.96,2.96
3,1.97,2.96
3,1.97,2.96
3,1.97,2.96
3,1.97,2.96
3,1.96,2.96
3,1.96,2.96
3,1.97,2.96
3,1.97,2.96
3,1.97,2.96
3,1.96,2.96
3,1.97,2.96
3,1.97,2.96
3,1.97,2.96
3,1.97,2.96
3,1.96,2.96
3,1.96,2.96
3,1.97,2.96
3,1.97,2.96
3,1.96,2.96
3,1.97,2.96
3,1.97,2.96
3,1.96,2.96
3,1.96,2.96
3,1.97,2.96
3,1.97,2.96
3,1.97,2.96
3,1.96,2.96
3,1.97,2.96
3,1.96,2.96
3,1.97,2.96
3,1.97,2.96
3,1.96,2.96
3,1.97,2.96
3,1.97,2.96
3,1.96,2.96
3,1.96,2.96
3,1.96,2.96
3,1.97,2.96
3,1.96,2.96
3,1.96,2.96
3,1.96,2.96
3,1.96,2.96
3,1.96,2.96
3,1.96,2.96
3,1.97,2.96
3,1.96,2.96
3,1.97,2.96
3,1.96,2.96
3,1.97,2.96
3,1.97,2.96
3,2.83,2.96
3,2.96,2.96
3,2.96,2.96
3,2.96,2.96
3,2.96,2.96
3,2.96,2.96
3,2.96,2.96
3,2.96,2.96
3,2.96,2.96
3,2.96,2.96
3,2.96,2.96
3,2.96,2.96
3,2.96,2.96
3,2.96,2.96
3,2.96,2.96
3,2.96,2.96
3,2.96,2.96
3,2.96,2.96
3,2.96,2.96
3,2.96,2.96
3,2.96,2.96
3,2.96,2.96
3,2.96,2.96
3,2.96,2.96
3,2.96,2.96
3,2.96,2.96
3,2.96,2.96
3,2.96,2.96
3,2.96,2.96
3,2.96,2.96
3,2.96,2.96
3,2.96,2.96
3,2.96,2.96
3,2.96,2.96
3,2.96,2.96
3,2.96,2.96
3,2.96,2.96
3,2.96,2.96
3,2.96,2.96
3,2.96,2.96
3,2.96,2.96
3,2.96,2.96
3,2.96,2.96
3,2.96,2.96
3,2.96,2.96
3,2.96,2.96
3,2.96,2.96
3,2.96,2.96
3,2.96,2.96
3,2.96,2.96
3,2.96,2.96
3,2.96,2.96
3,2.96,2.96
3,2.96,2.96
3,2.96,2.96
3,2.96,2.96
3,2.96,2.96
3,2.96,2.96
3,2.96,2.96
3,2.96,2.96
3,2.96,2.96
3,2.96,2.96
3,2.96,2.96
3,2.96,2.96
3,2.96,2.96
3,2.96,2.96
3,2.96,2.96
3,2.96,2.96
3,2.96,2.96
3,2.96,2.96
3,2.96,2.96
3,2.96,2.96
3,2.96,2.96
3,2.96,2.96
3,2.96,2.96
3,2.96,2.96
3,2.96,2.96
3,2.96,2.96
3,2.96,2.96
3,2.96,2.96
3,2.96,2.96
3,2.96,2.96
3,2.96,2.96
3,2.96,2.96
3,2.96,2.96
3,2.96,2.96
3,2.96,2.96
3,2.96,2.96
3,2.96,2.96
3,2.96,2.96
3,2.96,2.96
3,2.96,2.96
3,2.96,2.96
3,2.96,2.96
3,2.96,2.96
3,2.96,2.96
3,2.96,2.96
3,2.96,2.96
3,2.96,2.96
3,2.96,2.96
3,2.96,2.96
3,2.96,2.96
3,2.96,2.96
3,2.96,2.96
3,2.96,2.96
3,2.96,2.96
3,2.96,2.96
3,2.96,2.96
3,2.96,2.96
3,2.96,2.96
3,2.96,2.96
3,2.96,2.96
3,2.96,2.96
3,2.96,2.96
3,2.96,2.96
3,2.96,2.96
3,2.96,2.96
3,2.96,2.96
3,2.96,2.96
3,2.96,2.96
3,2.96,2.96
3,2.96,2.96
3,2.96,2.96
3,2.96,2.96
3,2.96,2.96
3,2.96,2.96
3,2.96,2.96
3,2.96,2.96
3,2.96,2.96
3,2.96,2.96
3,2.96,2.96
3,2.96,2.96
3,2.96,2.96
3,2.96,2.96
3,2.96,2.96
3,2.96,2.96
3,2.96,2.96
3,2.96,2.96
3,2.96,2.96
3,2.96,2.96
3,2.96,2.96
3,2.96,2.96
3,2.96,2.96
3,2.96,2.96
3,2.96,2.96
3,2.96,2.96
3,2.96,2.96
3,2.96,2.96
3,2.96,2.96
3,2.96,2.96
3,2.96,2.96
3,2.96,2.96
3,2.96,2.96
3,2.96,2.96
3,2.96,2.96
3,2.96,2.96
3,2.96,2.96
3,2.96,2.96
3,2.96,2.96
3,2.96,2.96
3,2.96,2.96
3,2.96,2.96
3,2.96,2.96
3,2.96,2.96
3,2.96,2.96
3,2.96,2.96
3,2.96,2.96
3,2.96,2.96
3,2.96,2.96
3,2.96,2.96
3,2.96,2.96
3,2.96,2.96
3,2.96,2.96
3,2.96,2.96
3,2.96,2.96
3,2.96,2.96
3,2.96,2.96
3,2.96,2.96
3,2.96,2.96
3,2.96,2.96
3,2.96,2.96
3,2.96,2.96
3,2.96,2.96
3,2.96,2.96
3,2.96,2.96
3,2.96,2.96
3,2.96,2.96
3,2.96,2.96
3,2.96,2.96
3,2.96,2.96
3,2.96,2.96
3,2.96,2.96
3,2.96,2.96
3,2.96,2.96
3,2.96,2.96
3,2.96,2.96
3,2.96,2.96
3,2.96,2.96
3,2.96,2.96
3,2.96,2.96
3,2.96,2.96
3,2.96,2.96
3,2.96,2.96
3,2.96,2.96
3,2.96,2.96
3,2.96,2.96
3,2.96,2.96
3,2.96,2.96
3,2.96,2.96
3,2.96,2.96
3,2.96,2.96
3,2.96,2.96
3,2.96,2.96
3,2.96,2.96
3,2.96,2.96
3,2.96,2.96
3,2.96,2.96
3,2.96,2.96
3,2.96,2.96
3,2.96,2.96
3,2.96,2.96
3,2.96,2.96
3,2.96,2.96
3,2.96,2.96
3,2.96,2.96
3,2.96,2.96
4,2.96,2.96
4,2.96,2.96
4,2.96,2.96
4,2.96,2.96
4,2.96,2.96
4,2.96,2.96
4,2.96,2.96
4,2.96,2.96
4,2.96,2.96
4,2.96,2.96
4,2.96,2.96
4,2.96,2.96
4,2.96,2.96
4,2.96,2.96
4,2.96,2.96
4,2.96,2.96
4,2.96,2.96
4,2.96,2.96
4,2.96,2.96
4,2.96,2.96
4,2.96,2.96
4,2.96,2.96
4,2.96,2.96
4,2.96,2.96
4,2.96,2.96
4,2.96,2.96
4,2.96,2.96
4,2.96,2.96
4,2.96,2.96
4,2.96,2.96
4,2.96,2.96
4,2.96,2.96
4,2.96,2.96
4,2.96,2.96
4,2.96,2.96
4,2.96,2.96
4,2.96,2.96
4,2.96,2.96
4,2.96,2.96
4,2.96,2.96
4,2.96,2.96
4,2.96,2.96
4,2.96,2.96
4,2.96,2.96
4,2.96,2.96
4,2.96,2.96
4,2.96,2.96
4,2.96,2.96
4,2.96,2.96
4,2.96,2.96
4,2.96,2.96
4,2.96,2.96
4,2.96,2.96
4,2.96,2.96
4,2.96,2.96
4,2.96,2.96
4,2.96,2.96
4,2.96,2.96
4,2.96,2.96
4,2.96,2.96
4,2.96,2.96
4,2.96,2.96
4,2.96,2.96
4,2.96,2.96
4,2.96,2.96
4,2.96,2.96
4,2.96,2.96
4,2.96,2.96
4,2.96,2.96
4,2.96,2.96
4,2.96,2.96
4,2.96,2.96
4,2.96,2.96
4,2.96,2.96
4,2.96,2.96
4,2.96,2.96
4,2.96,2.96
4,2.96,2.96
4,2.96,2.96
4,2.96,2.96
4,2.96,2.96
4,2.96,2.96
4,2.96,2.96
4,2.96,2.96
4,2.96,2.96
4,2.96,2.96
4,2.96,2.96
4,2.96,2.96
4,2.96,2.96
4,2.96,2.96
4,2.96,2.96
4,2.96,2.96
4,2.96,2.96
4,2.96,2.96
4,2.96,2.96
4,2.96,2.96
4,2.96,2.96
4,2.96,2.96
4,2.96,2.96
4,2.96,2.96
4,2.96,2.96
4,2.96,2.96
4,2.96,2.96
4,2.96,2.96
4,2.96,2.96
4,2.96,2.96
4,2.96,2.96
4,2.96,2.96
4,2.96,2.96
4,2.96,2.96
4,2.96,2.96
4,2.96,2.96
4,2.96,2.96
4,2.96,2.96
4,2.96,2.96
4,2.96,2.96
4,2.96,2.96
4,2.96,2.96
4,2.96,2.96
4,2.96,2.96
4,2.96,2.96
4,2.96,2.96
4,2.96,2.96
4,2.96,2.96
4,2.96,2.96
4,2.96,2.96
4,2.96,2.96
4,2.96,2.96
4,2.96,2.96
4,2.96,2.96
4,2.96,2.96
4,2.96,2.96
4,2.96,2.96
4,2.96,2.96
4,2.96,2.96
4,2.96,2.96
4,2.96,2.96
4,2.96,2.96
4,2.96,2.96
4,2.96,2.96
4,2.96,2.96
4,2.96,2.96
4,2.96,2.96
4,2.96,2.96
4,2.96,2.96
4,2.96,2.96
4,2.96,2.96
4,2.96,2.96
4,2.96,2.96
4,2.96,2.96
4,2.96,2.96
4,2.96,2.96
4,2.96,2.96
4,2.96,2.96
4,2.96,2.96
4,2.96,2.96
4,2.96,2.96
4,2.96,2.96
4,2.96,2.96
4,2.96,2.96
4,2.96,2.96
4,2.96,2.96
4,2.96,2.96
4,2.96,2.96
4,2.96,2.96
4,2.96,2.96
4,2.96,2.96
4,2.96,2.96
4,2.96,2.96
4,2.96,2.96
4,2.96,2.96
4,2.96,2.96
4,2.96,2.96
4,2.96,2.96
4,2.96,2.96
4,2.96,2.96
4,2.96,2.96
4,2.96,2.96
4,2.96,2.96
4,2.96,2.96
4,2.96,2.96
4,2.96,2.96
4,2.96,2.96
4,2.96,2.96
4,2.96,2.96
4,2.96,2.96
4,2.96,2.96
4,2.96,2.96
4,2.96,2.96
4,2.96,2.96
4,2.96,2.96
4,2.96,2.96
4,2.96,2.96
4,2.96,2.96
4,2.96,2.96
4,2.96,2.96
4,2.96,2.96
4,2.96,2.96
4,2.96,2.96
4,2.96,2.96
4,2.96,2.96
4,2.96,2.96
4,2.96,2.96
4,2.96,2.96
4,2.96,2.96
4,2.96,2.96
4,2.96,2.96
4,2.96,2.96
4,2.96,2.96
4,2.96,2.96
4,2.96,2.96
4,2.96,2.96
4,2.96,2.96
4,2.96,2.96
4,2.96,2.96
4,2.96,2.96
4,2.96,2.96
4,2.96,2.96
4,2.96,2.96
4,2.96,2.96
4,2.96,2.96
4,2.96,2.96
4,2.96,2.96
4,2.96,2.96
4,2.96,2.96
4,2.96,2.96
4,2.96,2.96
4,2.96,2.96
4,2.96,2.96
4,2.96,2.96
4,2.96,2.96
4,2.96,2.96
4,2.96,2.96
4,2.96,2.96
4,2.96,2.96
4,2.96,2.96
4,2.96,2.96
4,2.96,2.96
4,2.96,2.96
4,2.96,2.96
4,2.96,2.96
4,2.96,2.96
4,2.96,2.96
4,2.96,2.96
4,2.96,2.96
4,2.96,2.96
4,2.96,2.96
4,2.96,2.96
4,2.96,2.96
4,2.96,2.96
4,2.96,2.96
4,2.96,2.96
4,2.96,2.96
4,2.96,2.96
4,2.96,2.96
4,2.96,2.96
4,2.96,2.96
4,2.96,2.96
4,2.96,2.96
4,2.96,2.96
4,2.96,2.96
4,2.96,2.96
4,2.96,2.96
4,2.96,2.96
4,2.96,2.96
4,2.96,2.96
4,2.96,2.96
4,2.96,2.96
4,2.96,2.96
4,2.96,2.96
4,2.96,2.96
4,2.96,2.96
4,2.96,2.96
4,2.96,2.96
4,2.96,2.96
4,2.96,2.96
4,2.96,2.96
4,2.96,2.96
4,2.96,2.96
4,2.96,2.96
4,2.96,2.96
4,2.96,2.96
4,2.96,2.96
4,2.96,2.96
4,2.96,2.96
4,2.96,2.96
4,2.96,2.96
4,2.96,2.96
4,2.96,2.96
4,2.96,2.96
4,2.96,2.96
4,2.96,2.96
4,2.96,2.96
4,2.96,2.96
4,2.96,2.96
4,2.96,2.96
4,2.96,2.96
4,2.96,2.96
4,2.96,2.96
4,2.96,2.96
4,2.96,2.96
4,2.96,2.96
4,2.96,2.96
4,2.96,2.96
4,2.96,2.96
4,2.96,2.96
4,2.96,2.96
4,2.96,2.96
4,2.96,2.96
4,2.96,2.96
4,2.96,2.96
4,2.96,2.96
4,2.96,2.96
4,2.96,2.96
4,2.96,2.96
4,2.96,2.96
4,2.96,2.96
4,2.96,2.96
4,2.96,2.96
4,2.96,2.96
4,2.96,2.96
4,2.96,2.96
4,2.96,2.96
4,2.96,2.96
4,2.96,2.96
4,2.96,2.96
4,2.96,2.96
4,2.96,2.96
4,2.96,2.96
4,2.96,2.96
4,2.96,2.96
4,2.96,2.96
4,2.96,2.96
4,2.96,2.96
4,2.96,2.96
4,2.96,2.96
4,2.96,2.96
4,2.96,2.96
4,2.96,2.96
4,2.96,2.96
4,2.96,2.96
4,2.96,2.96
4,2.96,2.96
4,2.96,2.96
4,2.96,2.96
4,2.96,2.96
4,2.96,2.96
4,2.96,2.96
4,2.96,2.96
4,2.96,2.96
4,2.96,2.96
4,2.96,2.96
4,2.96,2.96
4,2.96,2.96
4,2.96,2.96
4,2.96,2.96
4,2.96,2.96
4,2.96,2.96
4,2.96,2.96
4,2.96,2.96
4,2.96,2.96
4,2.96,2.96
4,2.96,2.96
4,2.96,2.96
4,2.96,2.96
4,2.96,2.96
4,2.96,2.96
4,2.96,2.96
4,2.96,2.96
4,2.96,2.96
4,2.96,2.96
4,2.96,2.96
4,2.96,2.96
4,2.96,2.96
4,2.96,2.96
4,2.96,2.96
4,2.96,2.96
4,2.96,2.96
4,2.96,2.96
4,2.96,2.96
4,2.96,2.96
4,2.96,2.96
4,2.96,2.96
4,2.96,2.96
4,2.96,2.96
4,2.96,2.96
4,2.96,2.96
4,2.96,2.96
4,2.96,2.96
4,2.96,2.96
4,2.96,2.96
4,2.96,2.96
4,2.96,2.96
4,2.96,2.96
4,2.96,2.96
4,2.96,2.96
4,2.96,2.96
4,2.96,2.96
4,2.96,2.96
4,2.96,2.96
4,2.96,2.96
4,2.96,2.96
4,2.96,2.96
4,2.96,2.96
4,2.96,2.96
4,2.96,2.96
4,2.96,2.96
4,2.96,2.96
4,2.96,2.96
4,2.96,2.96
4,2.96,2.96
4,2.96,2.96
4,2.96,2.96
4,2.96,2.96
4,2.96,2.96
4,2.96,2.96
4,2.96,2.96
4,2.96,2.96
4,2.96,2.96
4,2.96,2.96
4,2.96,2.96
4,2.96,2.96
4,2.96,2.96
4,2.96,2.96
4,2.96,2.96
4,2.96,2.96
4,2.96,2.96
4,2.96,2.96
4,2.96,2.96
4,2.96,2.96
4,2.96,2.96
4,2.96,2.96
4,2.96,2.96
4,2.96,2.96
4,2.96,2.96
4,2.96,2.96
4,2.96,2.96
4,2.96,2.96
4,2.96,2.96
4,2.96,2.96
4,2.96,2.96
4,2.96,2.96
4,2.96,2.96
4,2.96,2.96
4,2.96,2.96
4,2.96,2.96
4,2.96,2.96
4,2.96,2.96
4,2.96,2.96
4,2.96,2.96
4,2.96,2.96
4,2.96,2.96
4,2.96,2.96
4,2.96,2.96
4,2.96,2.96
4,2.96,2.96
4,2.96,2.96
4,2.96,2.96
4,2.96,2.96
4,2.96,2.96
4,2.96,2.96
4,2.96,2.96
4,2.96,2.96
4,2.96,2.96
4,2.96,2.96
4,2.96,2.96
4,2.96,2.96
4,2.96,2.96
4,2.96,2.96
4,2.96,2.96
4,2.96,2.96
4,2.96,2.96
4,2.96,2.96
4,2.96,2.96
4,2.96,2.96
4,2.96,2.96
4,2.96,2.96
4,2.96,2.96
4,2.96,2.96
4,2.96,2.96
4,2.96,2.96
4,2.96,2.96
4,2.96,2.96
4,2.96,2.96
4,2.96,2.96
4,2.96,2.96
4,2.96,2.96
4,2.96,2.96
4,2.96,2.96
4,2.96,2.96
4,2.96,2.96
4,2.96,2.96
4,2.96,2.96
4,2.96,2.96
4,2.96,2.96
4,2.96,2.96
4,2.96,2.96
4,2.96,2.96
4,2.96,2.96
4,2.96,2.96
4,2.96,2.96
4,2.96,2.96
4,2.96,2.96
4,2.96,2.96
4,2.96,2.96
4,2.96,2.96
4,2.96,2.96
4,2.96,2.96
4,2.96,2.96
4,2.96,2.96
4,2.96,2.96
4,2.96,2.96
4,3.33,2.96
4,3.96,2.96
4,3.95,2.96
4,3.96,2.96
4,3.95,2.96
4,3.95,2.96
4,3.95,2.96
4,3.95,2.96
4,3.95,2.96
4,3.96,2.96
4,3.95,2.96
4,3.95,2.96
4,3.96,2.96
4,3.95,2.96
4,3.96,2.96
4,3.96,2.96
4,3.96,2.96
4,3.95,2.96
4,3.95,2.96
4,3.95,2.96
4,3.95,2.96
4,3.95,2.96
4,3.96,2.96
4,3.96,2.96
4,3.95,2.96
4,3.95,2.96
4,3.95,2.96
4,3.96,2.96
4,3.96,2.96
4,3.96,2.96
4,3.95,2.96
4,3.95,2.96
4,3.96,2.96
4,3.96,2.96
4,3.95,2.96
4,3.96,2.96
4,3.95,2.96
4,3.95,2.96
4,3.96,2.96
4,3.96,2.96
4,3.96,2.96
4,3.95,2.96
4,3.96,2.96
4,3.96,2.96
4,3.95,2.96
4,3.95,2.96
4,3.95,2.96
4,3.96,2.96
4,3.95,2.96
4,3.95,2.96
4,3.95,2.96
4,3.96,2.96
4,3.96,2.96
4,3.95,2.96
4,3.96,2.96
4,3.95,2.96
4,3.96,2.96
4,3.96,2.96
4,3.95,2.96
4,3.95,2.96
4,3.95,2.96
4,3.95,2.96
4,3.95,2.96
4,3.95,2.96
4,3.95,2.96
4,3.95,2.96
4,3.95,2.96
4,3.96,2.96
4,3.95,2.96
4,3.95,2.96
4,3.95,2.96
4,3.95,2.96
4,3.95,2.96
4,3.95,2.96
4,3.95,2.96
4,3.96,2.96
4,3.95,2.96
4,3.96,2.96
4,3.96,2.96
4,3.96,2.96
4,3.95,2.96
4,3.95,2.96
4,3.96,2.96
4,3.95,2.96
4,3.96,2.96
4,3.96,2.96
4,3.95,2.96
4,3.95,2.96
4,3.96,2.96
4,3.95,2.96
4,3.95,2.96
4,3.95,2.96
4,3.96,2.96
4,3.95,2.96
4,3.95,2.96
4,3.96,2.96
4,3.95,2.96
4,3.95,2.96
4,3.95,2.96
4,3.96,2.96
4,3.96,2.96
4,3.96,2.96
4,3.96,2.96
4,3.95,2.96
4,3.96,2.96
4,3.95,2.96
4,3.96,2.96
4,3.96,2.96
4,3.95,2.96
4,3.96,2.96
4,3.95,2.96
4,3.95,2.96
4,3.96,2.96
4,3.95,2.96
4,3.96,2.96
4,3.96,2.96
4,3.95,2.96
4,3.96,2.96
4,3.96,2.96
4,3.96,2.96
4,3.95,2.96
4,3.95,2.96
4,3.95,2.96
4,3.95,2.96
4,3.95,2.96
4,3.95,2.96
4,3.95,2.96
4,3.95,2.96
4,3.95,2.96
4,3.96,2.96
4,3.95,2.96
4,3.95,2.96
4,3.95,2.96
4,3.96,2.96
4,3.96,2.96
4,3.95,2.96
4,3.96,2.96
4,3.95,2.96
4,3.96,2.96
4,3.95,2.96
4,3.95,2.96
4,3.96,2.96
4,3.95,2.96
4,3.95,2.96
4,3.95,2.96
4,3.95,2.96
4,3.95,2.96
4,3.95,2.96
4,3.96,2.96
4,3.95,2.96
4,3.95,2.96
4,3.95,2.96
4,3.95,2.96
4,3.95,2.96
4,3.96,2.96
4,3.96,2.96
4,3.95,2.96
4,3.96,2.96
4,3.95,2.96
4,3.96,2.96
4,3.96,2.96
4,3.95,2.96
4,3.95,2.96
4,3.95,2.96
4,3.95,2.96
4,3.96,2.96
4,3.96,2.96
4,3.95,2.96
4,3.95,2.96
4,3.95,2.96
4,3.95,2.96
4,3.95,2.96
4,3.95,2.96
4,3.96,2.96
4,3.96,2.96
4,3.95,2.96
4,3.95,2.96
4,3.96,2.96
4,3.96,2.96
4,3.96,2.96
4,3.95,2.96
4,3.96,2.96
4,3.95,2.96
4,3.95,2.96
4,3.96,2.96
4,3.96,2.96
4,3.96,2.96
4,3.95,2.96
4,3.96,2.96
4,3.95,2.96
4,3.96,2.96
4,3.95,2.96
4,3.96,2.96
4,3.95,2.96
4,3.95,2.96
4,3.95,2.96
4,3.95,2.96
4,3.95,2.96
4,3.95,2.96
4,3.95,2.96
4,3.95,2.96
4,3.96,2.96
4,3.95,2.96
4,3.95,2.96
4,3.95,2.96
4,3.95,2.96
4,3.95,2.96
4,3.95,2.96
4,3.95,2.96
4,3.96,2.96
4,3.95,2.96
4,3.95,2.96
4,3.95,2.96
4,3.95,2.96
4,3.95,2.96
4,3.96,2.96
4,3.95,2.96
4,3.95,2.96
4,3.95,2.96
4,3.95,2.96
4,3.96,2.96
4,3.96,2.96
4,3.95,2.96
4,3.95,2.96
4,3.96,2.96
4,3.95,2.96
4,3.96,2.96
4,3.95,2.96
4,3.95,2.96
4,3.96,2.96
4,3.95,2.96
4,3.96,2.96
4,3.95,2.96
4,3.96,2.96
4,3.96,2.96
4,3.95,2.96
4,3.95,2.96
4,3.95,2.96
4,3.96,2.96
4,3.95,2.96
4,3.95,2.96
4,3.96,2.96
4,3.95,2.96
4,3.96,2.96
4,3.96,2.96
4,3.95,2.96
4,3.95,2.96
4,3.96,2.96
4,3.96,2.96
4,3.95,2.96
4,3.96,2.96
4,3.95,2.96
4,3.95,2.96
4,3.96,3.62
4,3.95,3.96
4,3.95,3.96
4,3.95,3.95
4,3.96,3.96
4,3.95,3.96
4,3.95,3.96
4,3.95,3.96
4,3.95,3.96
4,3.96,3.96
4,3.96,3.96
4,3.95,3.96
4,3.95,3.96
4,3.95,3.96
4,3.95,3.96
4,3.95,3.96
4,3.96,3.96
4,3.96,3.96
4,3.95,3.96
4,3.95,3.96
4,3.95,3.96
4,3.96,3.96
4,3.95,3.96
4,3.95,3.96
4,3.95,3.96
4,3.96,3.96
4,3.95,3.96
4,3.95,3.96
4,3.96,3.96
4,3.96,3.96
4,3.95,3.96
4,3.96,3.96
4,3.96,3.96
4,3.95,3.96
4,3.95,3.96
4,3.95,3.96
4,3.96,3.96
4,3.95,3.96
4,3.95,3.96
4,3.96,3.96
4,3.95,3.96
4,3.95,3.96
4,3.95,3.96
4,3.95,3.96
4,3.96,3.96
4,3.95,3.96
4,3.95,3.96
4,3.95,3.96
4,3.95,3.96
4,3.95,3.96
4,3.95,3.96
4,3.95,3.96
4,3.96,3.96
4,3.95,3.96
4,3.96,3.96
4,3.95,3.96
4,3.95,3.96
4,3.96,3.96
4,3.95,3.96
4,3.95,3.95
4,3.95,3.96
4,3.95,3.96
4,3.95,3.95
4,3.95,3.96
4,3.95,3.96
4,3.95,3.96
4,3.95,3.95
4,3.96,3.96
4,3.96,3.96
4,3.95,3.96
4,3.95,3.96
4,3.95,3.95
4,3.95,3.96
4,3.95,3.96
4,3.95,3.96
4,3.95,3.96
4,3.95,3.96
4,3.95,3.96
4,3.95,3.96
4,3.95,3.96
4,3.96,3.96
4,3.96,3.96
4,3.95,3.96
4,3.95,3.96
4,3.95,3.96
4,3.95,3.96
4,3.95,3.96
4,3.95,3.96
4,3.95,3.96
4,3.95,3.96
4,3.95,3.96
4,3.95,3.96
4,3.95,3.96
4,3.95,3.96
4,3.95,3.96
4,3.95,3.96
4,3.96,3.96
4,3.96,3.96
4,3.95,3.96
4,3.95,3.96
4,3.95,3.96
4,3.95,3.96
4,3.95,3.96
4,3.95,3.95
4,3.95,3.96
4,3.96,3.96
4,3.96,3.96
4,3.95,3.96
4,3.95,3.96
4,3.95,3.96
4,3.96,3.96
4,3.96,3.96
4,3.95,3.96
4,3.95,3.96
4,3.96,3.96
4,3.95,3.96
4,3.96,3.96
4,3.96,3.96
4,3.95,3.96
4,3.96,3.96
4,3.96,3.96
4,3.95,3.96
4,3.96,3.96
4,3.95,3.96
4,3.95,3.96
4,3.96,3.96
4,3.96,3.96
4,3.95,3.96
4,3.96,3.96
4,3.95,3.96
4,3.96,3.96
4,3.95,3.96
4,3.95,3.96
4,3.96,3.96
4,3.95,3.96
4,3.96,3.96
4,3.96,3.96
4,3.96,3.96
4,3.96,3.96
4,3.95,3.96
4,3.96,3.96
4,3.96,3.96
4,3.96,3.96
4,3.95,3.96
4,3.95,3.95
4,3.96,3.96
4,3.95,3.96
4,3.95,3.96
4,3.95,3.96
4,3.95,3.96
4,3.96,3.96
4,3.95,3.96
4,3.96,3.96
4,3.95,3.96
4,3.96,3.96
4,3.95,3.96
4,3.95,3.96
4,3.96,3.96
4,3.95,3.96
4,3.95,3.96
4,3.95,3.96
4,3.96,3.96
4,3.96,3.96
4,3.96,3.96
4,3.96,3.96
4,3.95,3.96
4,3.95,3.96
4,3.95,3.96
4,3.95,3.96
4,3.95,3.96
4,3.96,3.96
4,3.95,3.96
4,3.95,3.96
4,3.95,3.96
4,3.95,3.95
4,3.95,3.96
4,3.95,3.96
4,3.96,3.96
4,3.96,3.96
4,3.96,3.96
4,3.96,3.96
4,3.95,3.96
4,3.96,3.96
4,3.96,3.96
4,3.96,3.96
4,3.95,3.96
4,3.95,3.96
4,3.95,3.96
4,3.96,3.95
4,3.96,3.96
4,3.95,3.96
4,3.95,3.96
4,3.96,3.95
4,3.95,3.96
4,3.95,3.96
4,3.95,3.95
4,3.96,3.96
4,3.95,3.96
4,3.96,3.96
4,3.95,3.96
4,3.96,3.96
4,3.95,3.96
4,3.95,3.96
4,3.96,3.95
4,3.96,3.96
4,3.95,3.96
4,3.95,3.96
4,3.95,3.96
4,3.95,3.96
4,3.95,3.96
4,3.95,3.96
4,3.95,3.96
4,3.96,3.96
4,3.95,3.96
4,3.96,3.95
4,3.95,3.96
4,3.96,3.96
4,3.96,3.96
4,3.95,3.96
4,3.95,3.96
4,3.96,3.96
4,3.95,3.96
4,3.95,3.96
4,3.95,3.96
4,3.95,3.96
4,3.96,3.96
4,3.95,3.96
4,3.96,3.96
4,3.96,3.96
4,3.95,3.96
4,3.95,3.96
4,3.96,3.96
4,3.96,3.96
4,3.96,3.96
4,3.95,3.96
5,3.96,3.96
5,3.95,3.96
5,3.95,3.96
5,3.95,3.96
5,3.95,3.96
5,3.95,3.96
5,3.95,3.96
5,3.95,3.96
5,3.95,3.96
5,3.95,3.96
5,3.95,3.96
5,3.95,3.96
5,3.96,3.96
5,3.96,3.96
5,3.95,3.96
5,3.95,3.96
5,3.95,3.95
5,3.96,3.96
5,3.95,3.96
5,3.95,3.96
5,3.96,3.96
5,3.96,3.96
5,3.96,3.96
5,3.96,3.96
5,3.96,3.96
5,3.95,3.96
5,3.95,3.96
5,3.95,3.96
5,3.96,3.96
5,3.95,3.96
5,3.95,3.96
5,3.95,3.96
5,3.95,3.96
5,3.96,3.96
5,3.96,3.96
5,3.95,3.95
5,3.95,3.96
5,3.95,3.96
5,3.96,3.96
5,3.95,3.96
5,3.95,3.96
5,3.96,3.96
5,3.95,3.96
5,3.95,3.96
5,3.95,3.96
5,3.95,3.96
5,3.95,3.96
5,3.96,3.96
5,3.95,3.96
5,3.95,3.96
5,3.95,3.96
5,3.95,3.96
5,3.96,3.96
5,3.95,3.96
5,3.95,3.96
5,3.95,3.96
5,3.96,3.96
5,3.96,3.96
5,3.95,3.96
5,3.96,3.96
5,3.96,3.96
5,3.95,3.96
5,3.96,3.96
5,3.95,3.96
5,3.96,3.96
5,3.95,3.96
5,3.96,3.96
5,3.96,3.96
5,3.96,3.96
5,3.96,3.96
5,3.95,3.96
5,3.95,3.96
5,3.95,3.96
5,3.96,3.96
5,3.96,3.96
5,3.95,3.96
5,3.95,3.96
5,3.96,3.96
5,3.96,3.96
5,3.96,3.96
5,3.95,3.96
5,3.95,3.96
5,3.95,3.96
5,3.96,3.96
5,3.95,3.96
5,3.96,3.96
5,3.95,3.96
5,3.96,3.96
5,3.95,3.96
5,3.95,3.96
5,3.95,3.96
5,3.95,3.96
5,3.95,3.96
5,3.95,3.96
5,3.95,3.96
5,3.96,3.96
5,3.95,3.96
5,3.96,3.96
5,3.95,3.96
5,3.95,3.96
5,3.95,3.95
5,3.95,3.96
5,3.95,3.96
5,3.96,3.96
5,3.96,3.96
5,3.96,3.96
5,3.96,3.96
5,3.95,3.96
5,3.95,3.96
5,3.96,3.96
5,3.96,3.96
5,3.95,3.96
5,3.95,3.96
5,3.96,3.96
5,3.96,3.96
5,3.95,3.96
5,3.96,3.96
5,3.96,3.96
5,3.96,3.96
5,3.95,3.96
5,3.96,3.96
5,3.96,3.96
5,3.95,3.96
5,3.96,3.96
5,3.96,3.96
5,3.96,3.96
5,3.95,3.96
5,3.95,3.96
5,3.96,3.96
5,3.96,3.96
5,3.95,3.96
5,3.95,3.96
5,3.95,3.95
5,3.95,3.96
5,3.95,3.96
5,3.96,3.96
5,3.95,3.96
5,3.96,3.96
5,3.95,3.95
5,3.95,3.96
5,3.96,3.96
5,3.95,3.96
5,3.95,3.96
5,3.95,3.96
5,3.95,3.96
5,3.95,3.96
5,3.95,3.96
5,3.95,3.95
5,3.95,3.96
5,3.95,3.95
5,3.95,3.96
5,3.95,3.95
5,3.95,3.96
5,3.95,3.96
5,3.95,3.96
5,3.95,3.96
5,3.96,3.96
5,3.95,3.96
5,3.95,3.96
5,3.95,3.96
5,3.95,3.96
5,3.95,3.96
5,3.95,3.96
5,3.95,3.96
5,3.96,3.96
5,3.95,3.96
5,3.95,3.96
5,3.96,3.96
5,3.95,3.96
5,3.95,3.96
5,3.96,3.96
5,3.95,3.96
5,3.95,3.96
5,3.96,3.96
5,3.96,3.96
5,3.95,3.96
5,3.95,3.96
5,3.96,3.96
5,3.95,3.96
5,3.95,3.96
5,3.95,3.96
5,3.95,3.96
5,3.95,3.96
5,3.95,3.96
5,3.95,3.96
5,3.95,3.96
5,3.96,3.96
5,3.95,3.96
5,3.95,3.96
5,3.95,3.96
5,3.95,3.96
5,3.95,3.96
5,3.95,3.96
5,3.95,3.96
5,3.95,3.96
5,3.95,3.96
5,3.95,3.96
5,3.95,3.96
5,3.96,3.96
5,3.95,3.96
5,3.96,3.96
5,3.96,3.96
5,3.95,3.96
5,3.95,3.96
5,3.96,3.96
5,3.96,3.96
5,3.95,3.96
5,3.95,3.96
5,3.95,3.96
5,3.95,3.96
5,3.96,3.96
5,3.95,3.96
5,3.96,3.96
5,3.96,3.96
5,3.95,3.96
5,3.95,3.96
5,3.95,3.96
5,3.95,3.96
5,3.95,3.96
5,3.95,3.96
5,3.95,3.96
5,3.95,3.96
5,3.96,3.96
5,3.96,3.96
5,3.96,3.96
5,3.95,3.96
5,3.95,3.96
5,3.96,3.96
5,3.95,3.95
5,3.96,3.96
5,3.96,3.96
5,3.95,3.96
5,3.95,3.96
5,3.95,3.96
5,3.95,3.96
5,3.96,3.96
5,3.95,3.96
5,3.96,3.96
5,3.95,3.96
5,3.95,3.96
5,3.95,3.96
5,3.95,3.96
5,3.95,3.96
5,3.95,3.96
5,3.95,3.96
5,3.95,3.96
5,3.95,3.96
5,3.95,3.96
5,3.95,3.96
5,3.95,3.96
5,3.96,3.96
5,3.96,3.96
5,3.96,3.96
5,3.95,3.96
5,3.96,3.96
5,3.95,4.51
5,3.96,4.95
5,3.95,4.95
5,3.95,4.95
5,3.96,4.95
5,3.95,4.95
5,3.95,4.95
5,3.95,4.95
5,3.96,4.95
5,3.95,4.95
5,3.95,4.95
5,3.96,4.95
5,3.95,4.95
5,3.95,4.95
5,3.95,4.95
5,3.96,4.95
5,3.95,4.95
5,3.95,4.95
5,3.95,4.95
5,3.95,4.95
5,3.95,4.95
5,3.95,4.95
5,3.96,4.95
5,3.95,4.95
5,3.95,4.95
5,3.96,4.95
5,3.96,4.95
5,3.96,4.95
5,3.95,4.95
5,3.95,4.95
5,3.95,4.95
5,3.96,4.95
5,3.95,4.95
5,3.96,4.95
5,3.95,4.95
5,3.95,4.95
5,3.95,4.95
5,3.95,4.95
5,3.95,4.95
5,3.95,4.95
5,3.95,4.95
5,3.95,4.95
5,3.95,4.95
5,3.95,4.95
5,3.95,4.95
5,3.96,4.95
5,3.95,4.95
5,3.95,4.95
5,3.96,4.95
5,3.95,4.95
5,3.95,4.95
5,3.95,4.95
5,3.95,4.95
5,3.95,4.95
5,3.95,4.95
5,3.95,4.95
5,3.95,4.95
5,3.96,4.95
5,3.95,4.95
5,3.96,4.95
5,3.96,4.95
5,3.96,4.95
5,3.95,4.95
5,3.95,4.95
5,3.95,4.95
5,3.95,4.95
5,3.95,4.95
5,3.95,4.95
5,3.95,4.95
5,3.96,4.95
5,3.95,4.95
5,3.96,4.95
5,3.96,4.95
5,3.96,4.95
5,3.95,4.95
5,3.96,4.95
5,3.95,4.95
5,3.96,4.95
5,3.95,4.95
5,3.95,4.95
5,3.96,4.95
5,3.95,4.95
5,3.95,4.95
5,3.96,4.95
5,3.95,4.95
5,3.95,4.95
5,3.96,4.95
5,3.96,4.95
5,3.95,4.95
5,3.96,4.95
5,3.95,4.95
5,3.95,4.95
5,3.96,4.95
5,3.95,4.95
5,3.95,4.95
5,3.95,4.95
5,3.96,4.95
5,3.95,4.95
5,3.96,4.95
5,3.95,4.95
5,3.96,4.95
5,3.95,4.95
5,3.95,4.95
5,3.95,4.95
5,3.96,4.95
5,3.96,4.95
5,3.96,4.95
5,3.95,4.95
5,3.95,4.95
5,3.95,4.95
5,3.96,4.95
5,3.95,4.95
5,3.95,4.95
5,3.96,4.95
5,3.95,4.95
5,3.95,4.95
5,3.96,4.95
5,3.95,4.95
5,3.95,4.95
5,3.96,4.95
5,3.95,4.95
5,3.96,4.95
5,3.95,4.95
5,3.95,4.95
5,3.95,4.95
5,3.95,4.95
5,3.95,4.95
5,3.95,4.95
5,3.95,4.95
5,3.96,4.95
5,3.95,4.95
5,3.95,4.95
5,3.95,4.95
5,3.96,4.95
5,3.95,4.95
5,3.95,4.95
5,3.95,4.95
5,3.95,4.95
5,3.96,4.95
5,3.95,4.95
5,3.95,4.95
5,3.95,4.95
5,3.95,4.95
5,3.95,4.95
5,3.95,4.95
5,3.95,4.95
5,3.95,4.95
5,3.95,4.95
5,3.96,4.95
5,3.96,4.95
5,3.95,4.95
5,3.95,4.95
5,3.96,4.95
5,3.95,4.95
5,3.95,4.95
5,3.95,4.95
5,3.96,4.95
5,3.96,4.95
5,3.96,4.95
5,3.96,4.95
5,4.76,4.95
5,4.94,4.95
5,4.94,4.95
5,4.94,4.95
5,4.94,4.95
5,4.94,4.95
5,4.94,4.95
5,4.94,4.95
5,4.95,4.95
5,4.94,4.95
5,4.94,4.95
5,4.94,4.95
5,4.95,4.95
5,4.94,4.95
5,4.94,4.95
5,4.94,4.95
5,4.94,4.95
5,4.94,4.95
5,4.94,4.95
5,4.94,4.95
5,4.95,4.95
5,4.94,4.95
5,4.95,4.95
5,4.94,4.95
5,4.94,4.95
5,4.94,4.95
5,4.94,4.95
5,4.95,4.95
5,4.94,4.95
5,4.95,4.95
5,4.94,4.95
5,4.95,4.95
5,4.94,4.95
5,4.94,4.95
5,4.94,4.95
5,4.95,4.95
5,4.94,4.95
5,4.94,4.95
5,4.94,4.95
5,4.94,4.95
5,4.94,4.95
5,4.94,4.95
5,4.94,4.95
5,4.94,4.95
5,4.94,4.95
5,4.94,4.95
5,4.94,4.95
5,4.94,4.95
5,4.94,4.95
5,4.94,4.95
5,4.94,4.95
5,4.94,4.95
5,4.94,4.95
5,4.94,4.95
5,4.94,4.95
5,4.94,4.95
5,4.94,4.95
5,4.94,4.94
5,4.94,4.95
5,4.94,4.95
5,4.94,4.95
5,4.94,4.95
5,4.94,4.95
5,4.94,4.95
5,4.94,4.94
5,4.94,4.95
5,4.95,4.95
5,4.94,4.95
5,4.94,4.95
5,4.94,4.95
5,4.94,4.95
5,4.94,4.95
5,4.94,4.95
5,4.94,4.95
5,4.94,4.95
5,4.94,4.95
5,4.94,4.95
5,4.94,4.95
5,4.94,4.95
5,4.94,4.95
5,4.94,4.95
5,4.94,4.95
5,4.94,4.95
5,4.94,4.95
5,4.94,4.95
5,4.94,4.95
5,4.94,4.95
5,4.94,4.95
5,4.94,4.95
5,4.94,4.95
5,4.95,4.95
5,4.95,4.95
5,4.95,4.95
5,4.95,4.95
5,4.94,4.95
5,4.94,4.95
5,4.94,4.95
5,4.94,4.95
5,4.94,4.95
5,4.94,4.95
5,4.94,4.95
5,4.94,4.95
5,4.94,4.95
5,4.95,4.95
5,4.94,4.95
5,4.94,4.95
5,4.94,4.95
5,4.95,4.95
5,4.95,4.95
5,4.94,4.95
5,4.95,4.95
5,4.95,4.95
5,4.95,4.95
5,4.94,4.95
5,4.94,4.95
5,4.95,4.95
5,4.95,4.95
5,4.94,4.95
5,4.94,4.95
5,4.94,4.95
5,4.94,4.95
5,4.94,4.95
5,4.95,4.95
5,4.94,4.95
5,4.94,4.95
5,4.95,4.95
5,4.94,4.95
5,4.94,4.95
5,4.94,4.95
5,4.94,4.95
5,4.94,4.95
5,4.94,4.95
5,4.95,4.95
5,4.94,4.95
5,4.94,4.95
5,4.95,4.95
5,4.95,4.95
5,4.94,4.95
5,4.94,4.95
5,4.94,4.95
5,4.95,4.95
5,4.94,4.95
5,4.94,4.95
5,4.94,4.95
5,4.94,4.95
5,4.95,4.95
5,4.94,4.95
5,4.95,4.95
5,4.94,4.95
5,4.94,4.95
5,4.95,4.95
5,4.95,4.95
5,4.94,4.95
5,4.94,4.95
5,4.95,4.95
5,4.95,4.95
5,4.95,4.95
5,4.94,4.95
5,4.94,4.95
5,4.94,4.95
5,4.94,4.95
5,4.94,4.95
5,4.94,4.95
5,4.94,4.95
5,4.94,4.95
5,4.94,4.95
5,4.94,4.95
5,4.94,4.95
5,4.95,4.95
5,4.94,4.95
5,4.94,4.95
5,4.94,4.95
5,4.94,4.95
5,4.94,4.95
5,4.94,4.95
5,4.94,4.95
5,4.94,4.95
5,4.94,4.95
5,4.95,4.95
5,4.94,4.95
5,4.94,4.95
5,4.95,4.95
5,4.94,4.95
5,4.95,4.95
5,4.94,4.95
5,4.95,4.95
5,4.94,4.95
5,4.94,4.95
5,4.94,4.95
5,4.94,4.95
5,4.94,4.95
5,4.95,4.95
5,4.94,4.95
5,4.94,4.95
5,4.94,4.95
5,4.94,4.95
5,4.94,4.95
5,4.94,4.95
5,4.94,4.95
5,4.94,4.95
5,4.94,4.95
5,4.95,4.95
5,4.95,4.95
5,4.95,4.95
5,4.95,4.95
5,4.94,4.95
5,4.95,4.95
5,4.94,4.95
5,4.94,4.95
5,4.94,4.95
5,4.94,4.95
5,4.94,4.95
5,4.94,4.95
5,4.94,4.95
5,4.94,4.95
5,4.94,4.95
5,4.94,4.95
5,4.95,4.95
5,4.94,4.95
5,4.95,4.95
5,4.94,4.95
5,4.94,4.95
5,4.94,4.95
5,4.95,4.95
5,4.95,4.95
5,4.94,4.95
5,4.95,4.95
5,4.95,4.95
5,4.95,4.95
5,4.94,4.95
5,4.94,4.95
5,4.94,4.95
5,4.95,4.95
5,4.94,4.95
5,4.94,4.95
5,4.94,4.95
5,4.94,4.95
5,4.94,4.95
5,4.94,4.95
5,4.94,4.95
5,4.94,4.95
5,4.95,4.95
5,4.94,4.95
5,4.94,4.95
5,4.94,4.95
5,4.94,4.95
5,4.94,4.95
5,4.95,4.95
5,4.95,4.95
5,4.94,4.95
5,4.94,4.95
5,4.94,4.95
5,4.94,4.95
5,4.95,4.95
5,4.94,4.95
5,4.94,4.95
5,4.95,4.95
5,4.94,4.95
5,4.94,4.95
5,4.95,4.95
5,4.95,4.95
5,4.94,4.95
5,4.94,4.95
5,4.94,4.95
5,4.95,4.95
5,4.94,4.95
5,4.94,4.95
5,4.94,4.95
5,4.94,4.95
5,4.94,4.95
5,4.95,4.95
5,4.94,4.95
5,4.94,4.95
5,4.94,4.95
5,4.94,4.95
5,4.94,4.95
5,4.94,4.94
5,4.94,4.95
5,4.94,4.95
5,4.94,4.95
5,4.95,4.95
5,4.94,4.95
5,4.94,4.95
5,4.94,4.95
5,4.95,4.95
5,4.94,4.95
5,4.95,4.95
5,4.94,4.95
5,4.94,4.95
5,4.94,4.95
5,4.94,4.95
5,4.94,4.95
5,4.95,4.95
5,4.95,4.95
5,4.94,4.95
5,4.94,4.95
5,4.94,4.95
5,4.94,4.95
5,4.94,4.95
5,4.94,4.95
5,4.94,4.95
5,4.94,4.95
5,4.94,4.95
5,4.94,4.95
5,4.94,4.95
5,4.95,4.95
5,4.95,4.95
5,4.95,4.95
5,4.94,4.95
5,4.95,4.95
5,4.94,4.95
5,4.95,4.95
5,4.95,4.95
5,4.94,4.95
5,4.94,4.95
5,4.94,4.95
5,4.94,4.95
5,4.94,4.95
5,4.95,4.95
5,4.94,4.95
5,4.94,4.95
5,4.94,4.95
5,4.94,4.95
5,4.94,4.95
5,4.94,4.95
5,4.94,4.95
5,4.94,4.95
5,4.94,4.95
5,4.94,4.95
5,4.94,4.95
5,4.94,4.95
5,4.94,4.95
5,4.94,4.95
5,4.94,4.95
5,4.94,4.95
5,4.95,4.95
5,4.95,4.95
5,4.94,4.95
5,4.94,4.95
5,4.95,4.95
5,4.95,4.95
5,4.95,4.95
5,4.95,4.95
5,4.94,4.95
5,4.95,4.95
5,4.94,4.95
5,4.94,4.95
5,4.95,4.95
5,4.94,4.95
5,4.95,4.95
5,4.95,4.95
5,4.94,4.95
5,4.95,4.95
5,4.94,4.95
5,4.94,4.95
5,4.94,4.95
5,4.94,4.95
5,4.94,4.95
5,4.94,4.94
5,4.94,4.95
5,4.94,4.95
5,4.94,4.95
5,4.94,4.95
5,4.94,4.95
5,4.94,4.95
5,4.94,4.95
5,4.94,4.95
5,4.94,4.95
5,4.94,4.95
5,4.95,4.95
5,4.94,4.95
5,4.94,4.95
5,4.94,4.95
5,4.94,4.95
5,4.94,4.95
5,4.94,4.95
5,4.94,4.95
5,4.94,4.95
5,4.94,4.95
5,4.94,4.95
5,4.94,4.95
5,4.94,4.95
5,4.94,4.95
5,4.94,4.95
5,4.94,4.95
5,4.94,4.95
5,4.94,4.95
5,4.95,4.95
5,4.94,4.95
5,4.94,4.95
5,4.95,4.95
5,4.94,4.95
5,4.94,4.95
5,4.94,4.95
5,4.94,4.95
5,4.94,4.95
5,4.94,4.95
5,4.95,4.95
5,4.94,4.95
5,4.94,4.95
5,4.95,4.95
5,4.94,4.95
5,4.94,4.95
5,4.94,4.95
5,4.95,4.95
5,4.95,4.95
5,4.94,4.95
5,4.94,4.95
5,4.94,4.95
5,4.94,4.95
5,4.94,4.95
5,4.94,4.95
5,4.94,4.95
5,4.94,4.95
5,4.95,4.95
5,4.94,4.95
5,4.94,4.95
5,4.94,4.95
5,4.94,4.95
5,4.94,4.95
5,4.94,4.95
5,4.95,4.95
5,4.94,4.95
5,4.95,4.95
5,4.95,4.95
5,4.94,4.95
5,4.94,4.95
5,4.94,4.95
5,4.94,4.95
5,4.94,4.95
5,4.94,4.95
5,4.94,4.95
5,4.94,4.95
5,4.94,4.95
5,4.94,4.95
5,4.94,4.95
5,4.94,4.95
5,4.94,4.95
5,4.94,4.95
5,4.94,4.95
5,4.94,4.95
5,4.95,4.95
5,4.94,4.95
5,4.95,4.95
5,4.94,4.95
5,4.94,4.95
5,4.94,4.95
5,4.94,4.95
5,4.94,4.95
5,4.94,4.95
5,4.94,4.95
5,4.94,4.95
5,4.94,4.95
5,4.94,4.95
5,4.94,4.95
5,4.95,4.95
5,4.95,4.95
5,4.95,4.95
5,4.94,4.95
5,4.94,4.95
5,4.94,4.95
5,4.94,4.95
5,4.94,4.95
5,4.94,4.95
5,4.94,4.95
5,4.95,4.95
5,4.94,4.95
5,4.94,4.95
5,4.94,4.95
5,4.94,4.95
5,4.94,4.95
5,4.94,4.95
5,4.94,4.95
5,4.94,4.95
5,4.94,4.95
5,4.94,4.95
5,4.94,4.95
5,4.94,4.95
5,4.95,4.95
5,4.94,4.95
5,4.94,4.95
5,4.94,4.95
5,4.94,4.95
5,4.94,4.95
5,4.94,4.95
5,4.94,4.95
5,4.94,4.95
5,4.94,4.95
5,4.94,4.95
5,4.94,4.95
5,4.95,4.95
5,4.94,4.95
5,4.94,4.95
5,4.95,4.95
5,4.94,4.95
5,4.94,4.95
5,4.94,4.95
5,4.94,4.95
5,4.94,4.95
5,4.94,4.95
5,4.94,4.95
5,4.94,4.95
5,4.94,4.95
5,4.94,4.95
5,4.94,4.95
5,4.94,4.95
5,4.94,4.95
5,4.94,4.95
5,4.94,4.95
5,4.94,4.95
5,4.94,4.95
5,4.94,4.95
5,4.95,4.95
5,4.94,4.95
5,4.94,4.95
5,4.94,4.95
5,4.94,4.95
5,4.94,4.95
5,4.94,4.94
5,4.94,4.95
5,4.95,4.95
5,4.95,4.95
5,4.94,4.95
5,4.95,4.95
5,4.94,4.95
5,4.94,4.95
5,4.95,4.95
5,4.94,4.95
5,4.94,4.95
5,4.94,4.95
5,4.94,4.95
5,4.94,4.95
5,4.95,4.95
5,4.95,4.95
5,4.94,4.95
5,4.94,4.95
5,4.94,4.95
5,4.94,4.95
5,4.95,4.95
5,4.94,4.95
5,4.94,4.95
5,4.94,4.95
5,4.94,4.95
5,4.94,4.95
5,4.94,4.95
5,4.94,4.95
5,4.94,4.95
5,4.94,4.95
5,4.94,4.95
5,4.95,4.95
5,4.94,4.95
5,4.94,4.95
5,4.94,4.95
5,4.94,4.95
5,4.94,4.95
5,4.94,4.95
5,4.94,4.95
5,4.94,4.95
5,4.94,4.95
5,4.94,4.95
5,4.94,4.95
5,4.95,4.95
5,4.94,4.95
5,4.95,4.95
5,4.94,4.95
5,4.94,4.95
5,4.94,4.95
5,4.94,4.95
5,4.94,4.95
5,4.94,4.95
5,4.94,4.95
5,4.94,4.95
5,4.95,4.95
5,4.94,4.95
5,4.94,4.95
5,4.94,4.95
5,4.94,4.95
5,4.94,4.95
5,4.95,4.95
5,4.94,4.95
5,4.94,4.95
5,4.94,4.95
5,4.94,4.95
5,4.94,4.95
5,4.95,4.95
